cellosaurus:CVCL_0312	HOS	8
cellosaurus:CVCL_2270	143B	2
cellosaurus:CVCL_2522	HTK-	1
cellosaurus:CVCL_0439	MNNG/HOS Cl #5	1
cellosaurus:CVCL_2546	KHOS/NP	3
cellosaurus:CVCL_2544	KHOS-240S	5
cellosaurus:CVCL_2545	KHOS-312H	1
cellosaurus:CVCL_1575	NCI-H650	4
cellosaurus:CVCL_1783	UM-UC-3	3
cellosaurus:CVCL_0004	K-562	12
cellosaurus:CVCL_3827	K562/Adr	1
cellosaurus:CVCL_0589	Kasumi-1	6
cellosaurus:CVCL_1650	Reh	5
cellosaurus:CVCL_2063	HCC827	9
cellosaurus:CVCL_V620	HCC827 GR1	1
cellosaurus:CVCL_V621	HCC827 GR2	1
cellosaurus:CVCL_V622	HCC827 GR5	1
cellosaurus:CVCL_V623	HCC827 GR6	1
cellosaurus:CVCL_V624	HCC827 GR7	1
cellosaurus:CVCL_V625	HCC827 GR8	1
cellosaurus:CVCL_DH92	HCC827 PFR1	1
cellosaurus:CVCL_DH93	HCC827 PFR3	1
cellosaurus:CVCL_DH94	HCC827 PFR4	1
cellosaurus:CVCL_DH95	HCC827 PFR5	1
cellosaurus:CVCL_DH96	HCC827 PFR6	1
cellosaurus:CVCL_0428	MIA PaCa-2	3
cellosaurus:CVCL_1616	OC 314	2
cellosaurus:CVCL_1618	OC 316	1
cellosaurus:CVCL_1792	WERI-Rb-1	2
cellosaurus:CVCL_0548	SaOS-2	5
cellosaurus:CVCL_9567	SaOS-LM5	2
cellosaurus:CVCL_1636	Panc 04.03	1
cellosaurus:CVCL_3425	SUM52PE	4
cellosaurus:CVCL_6809	WM983B	3
cellosaurus:CVCL_2076	IGR-39	3
cellosaurus:CVCL_1544	NCI-H226	11
cellosaurus:CVCL_0201	Caov-3	9
cellosaurus:CVCL_0550	SK-MEL-3	5
cellosaurus:CVCL_3509	ES-2	7
cellosaurus:CVCL_CZ94	ES-2/T80	1
cellosaurus:CVCL_CZ95	ES-2/TxT50	1
cellosaurus:CVCL_0480	PANC-1	3
cellosaurus:CVCL_3002	KP-1N	1
cellosaurus:CVCL_7040	GIST430	1
cellosaurus:CVCL_0278	GI-101A	1
cellosaurus:CVCL_1269	HCC4006	3
cellosaurus:CVCL_0547	SW620	16
cellosaurus:CVCL_M597	C666	4
cellosaurus:CVCL_2914	HARA [Human squamous cell lung carcinoma]	2
cellosaurus:CVCL_1738	TCCSUP	5
cellosaurus:CVCL_3768	OV-90	5
cellosaurus:CVCL_1641	PF-382	1
cellosaurus:CVCL_0186	BxPC-3	2
cellosaurus:CVCL_1303	IGR-1	1
cellosaurus:CVCL_0076	SNU-16	11
cellosaurus:CVCL_2110	ME-1 [Human leukemia]	1
cellosaurus:CVCL_B260	PC-9	4
cellosaurus:CVCL_1640	PC-14	2
cellosaurus:CVCL_DI28	PC-9/GR1	1
cellosaurus:CVCL_DI29	PC-9/GR2	1
cellosaurus:CVCL_DI30	PC-9/GR3	1
cellosaurus:CVCL_DH34	PC-9/GR4	2
cellosaurus:CVCL_DI33	PC-9/DR1	1
cellosaurus:CVCL_DI34	PC-9/DR2	1
cellosaurus:CVCL_DI35	PC-9/DR3	1
cellosaurus:CVCL_DI36	PC-9/DR4	1
cellosaurus:CVCL_DI37	PC-9/DR5	1
cellosaurus:CVCL_DI38	PC-9/DR6	1
cellosaurus:CVCL_DG30	PC-9/WZR09	1
cellosaurus:CVCL_DG31	PC-9/WZR10	1
cellosaurus:CVCL_DG32	PC-9/WZR11	1
cellosaurus:CVCL_DG33	PC-9/WZR12	1
cellosaurus:CVCL_DI31	PC-9/GR5	1
cellosaurus:CVCL_DI32	PC-9/GR6	1
cellosaurus:CVCL_2176	Rh41	1
cellosaurus:CVCL_C586	624.28 Mel	1
cellosaurus:CVCL_C588	624.38 Mel	1
cellosaurus:CVCL_1207	Evsa-T	4
cellosaurus:CVCL_1192	EFO-27	1
cellosaurus:CVCL_1361	L-428	5
cellosaurus:CVCL_3034	MY	1
cellosaurus:CVCL_0020	U-138MG	4
cellosaurus:CVCL_0633	U-118MG	3
cellosaurus:CVCL_0110	1321N1	2
cellosaurus:CVCL_0419	MDA-MB-468	12
cellosaurus:CVCL_DH83	MDA-MB-468GFP	2
cellosaurus:CVCL_M372	MDA-MB-468LN	2
cellosaurus:CVCL_1517	NCI-H2030	5
cellosaurus:CVCL_B450	OHS	1
cellosaurus:CVCL_5451	COLO 316	1
cellosaurus:CVCL_0553	T-47D	31
cellosaurus:CVCL_8585	UW228	1
cellosaurus:CVCL_0458	NCI-H295R	2
cellosaurus:CVCL_1656	RERF-LC-Sq1	2
cellosaurus:CVCL_1033	Hs 936.T	2
cellosaurus:CVCL_8792	MM1.S	1
cellosaurus:CVCL_0531	SK-N-SH	5
cellosaurus:CVCL_0524	SH-EP	1
cellosaurus:CVCL_0019	SH-SY5Y	2
cellosaurus:CVCL_4381	HuH-6	1
cellosaurus:CVCL_5079	SNU-620	1
cellosaurus:CVCL_4402	RERF-LC-A1	1
cellosaurus:CVCL_0022	U-87MG ATCC	6
cellosaurus:CVCL_3007	KYM-1	2
cellosaurus:CVCL_0539	SU-DHL-4	2
cellosaurus:CVCL_0291	HCT 116	23
cellosaurus:CVCL_0337	HuT 78	3
cellosaurus:CVCL_1239	H4	4
cellosaurus:CVCL_0098	SKM-1	3
cellosaurus:CVCL_3612	TOV-112D	9
cellosaurus:CVCL_3517	HPAC	4
cellosaurus:CVCL_2090	KCI-MOH1	1
cellosaurus:CVCL_0527	SK-MEL-5	13
cellosaurus:CVCL_1524	NCI-H2087	7
cellosaurus:CVCL_5707	BALM-9	1
cellosaurus:CVCL_1121	ChaGo-K-1	3
cellosaurus:CVCL_0525	SK-HEP-1	3
cellosaurus:CVCL_0608	Calu-1	5
cellosaurus:CVCL_0566	U266B1	6
cellosaurus:CVCL_4974	SKO-007	2
cellosaurus:CVCL_1184	DV-90	3
cellosaurus:CVCL_T324	CaCL 73-36	1
cellosaurus:CVCL_D034	M6/B7	1
cellosaurus:CVCL_3968	NCI-H125	1
cellosaurus:CVCL_9724	A1847	4
cellosaurus:CVCL_4384	TMK-1	1
cellosaurus:CVCL_2209	SUP-M2	1
cellosaurus:CVCL_B228	Sup-M2-TS	1
cellosaurus:CVCL_0033	SK-BR-3	45
cellosaurus:CVCL_1119	CFPAC-1	3
cellosaurus:CVCL_0479	PA-1	3
cellosaurus:CVCL_4992	CH1 [Human ovarian carcinoma]	1
cellosaurus:CVCL_3422	SUM149PT	4
cellosaurus:CVCL_1681	SCC-15	2
cellosaurus:CVCL_2799	KNS-81	1
cellosaurus:CVCL_7044	GIST882	1
cellosaurus:CVCL_0630	SK-MES-1	9
cellosaurus:CVCL_3153	RERF-LC-MA	1
cellosaurus:CVCL_1492	NCI-H1755	7
cellosaurus:CVCL_0459	NCI-H460	17
cellosaurus:CVCL_1564	NCI-H508	3
cellosaurus:CVCL_1386	LS513	3
cellosaurus:CVCL_0395	LNCaP	3
cellosaurus:CVCL_4784	LNCaP C4-2B	1
cellosaurus:CVCL_1379	LNCaP clone FGC	2
cellosaurus:CVCL_0629	SK-LU-1	8
cellosaurus:CVCL_1067	ACHN	11
cellosaurus:CVCL_0279	GLC-4	1
cellosaurus:CVCL_4998	GLC-4/CDDP	1
cellosaurus:CVCL_2791	MKN74	3
cellosaurus:CVCL_1416	MKN28	1
cellosaurus:CVCL_0290	HCC1937	19
cellosaurus:CVCL_1543	NCI-H2228	7
cellosaurus:CVCL_1700	SK-N-AS	4
cellosaurus:CVCL_1058	A-204	5
cellosaurus:CVCL_2235	VCaP	2
cellosaurus:CVCL_0434	MKN45	3
cellosaurus:CVCL_7668	GTL-16	1
cellosaurus:CVCL_VS67	GTL16R1	1
cellosaurus:CVCL_VS68	GTL16R3	1
cellosaurus:CVCL_2420	COV362	1
cellosaurus:CVCL_2421	COV362.4	1
cellosaurus:CVCL_0035	PC-3	16
cellosaurus:CVCL_4778	PPC-1	1
cellosaurus:CVCL_1338	KP-4	2
cellosaurus:CVCL_DH35	MCM1	1
cellosaurus:CVCL_1066	ABC-1	3
cellosaurus:CVCL_1304	IGROV-1	10
cellosaurus:CVCL_0498	RCC4	1
cellosaurus:CVCL_V610	SLR24	1
cellosaurus:CVCL_1252	HCC1428	6
cellosaurus:CVCL_5160	NCI-H3122	1
cellosaurus:CVCL_0181	BV-173	3
cellosaurus:CVCL_0526	SK-MEL-28	17
cellosaurus:CVCL_8787	WM793	10
cellosaurus:CVCL_5239	1205Lu	9
cellosaurus:CVCL_0393	LN-229	6
cellosaurus:CVCL_0101	SNU-601	1
cellosaurus:CVCL_0099	SNU-1	11
cellosaurus:CVCL_1670	RT-112	1
cellosaurus:CVCL_2714	RT112/84	2
cellosaurus:CVCL_9657	YCC-3	4
cellosaurus:CVCL_1525	NCI-H209	6
cellosaurus:CVCL_6813	C8161	1
cellosaurus:CVCL_C583	FM28	1
cellosaurus:CVCL_1251	HCC1419	13
cellosaurus:CVCL_1292	HT-1376	6
cellosaurus:CVCL_0360	JAR	3
cellosaurus:CVCL_3840	Li-7	2
cellosaurus:CVCL_0008	Daudi	3
cellosaurus:CVCL_0465	OVCAR-3	24
cellosaurus:CVCL_1882	ONCO-DG-1	1
cellosaurus:CVCL_DA03	OVCAR-3/T40	1
cellosaurus:CVCL_DA02	OVCAR-3/TxT5	1
cellosaurus:CVCL_DH37	OVCAR3-533533-R1	1
cellosaurus:CVCL_DH38	OVCAR3-533533-R3	1
cellosaurus:CVCL_DH39	OVCAR3-533533-R5	1
cellosaurus:CVCL_DH40	OVCAR3-533533-R6	1
cellosaurus:CVCL_DH41	OVCAR3-533533-R7	1
cellosaurus:CVCL_0065	Jurkat	3
cellosaurus:CVCL_2461	H33HJ-JA1	1
cellosaurus:CVCL_3502	Jurkat D1.1	1
cellosaurus:CVCL_0367	Jurkat E6.1	1
cellosaurus:CVCL_6410	J.gamma1	1
cellosaurus:CVCL_1316	J.RT3-T3.5	2
cellosaurus:CVCL_6429	P116	1
cellosaurus:CVCL_0029	EFO-21	1
cellosaurus:CVCL_1135	COLO 800	1
cellosaurus:CVCL_1998	COLO 818	1
cellosaurus:CVCL_5423	SUM159PT	18
cellosaurus:CVCL_0624	MOLT-3	2
cellosaurus:CVCL_8253	KK47	1
cellosaurus:CVCL_2947	HLF	1
cellosaurus:CVCL_1724	SW48	6
cellosaurus:CVCL_2061	HCC78	5
cellosaurus:CVCL_2106	M-07e	1
cellosaurus:CVCL_0218	COLO 205	10
cellosaurus:CVCL_2233	UT-7	1
cellosaurus:CVCL_0397	LS180	5
cellosaurus:CVCL_1384	LS174T	6
cellosaurus:CVCL_2129	MT-3 [Human contaminated breast cancer]	20
cellosaurus:CVCL_5143	K029	1
cellosaurus:CVCL_8784	K029AX	1
cellosaurus:CVCL_1084	BFTC-909	1
cellosaurus:CVCL_4846	HuG1-N	1
cellosaurus:CVCL_1644	PSN1	1
cellosaurus:CVCL_2451	GR-M	1
cellosaurus:CVCL_1561	NCI-H441	9
cellosaurus:CVCL_0248	DLD-1	3
cellosaurus:CVCL_0292	HCT 15	15
cellosaurus:CVCL_2478	HCT 8	5
cellosaurus:CVCL_2514	HRT-18	2
cellosaurus:CVCL_M705	BEVA	1
cellosaurus:CVCL_4748	MDA-PCa-2b	3
cellosaurus:CVCL_1511	NCI-H1975	7
cellosaurus:CVCL_0504	RKO	1
cellosaurus:CVCL_3787	RKO-E6	2
cellosaurus:CVCL_2602	MM138	1
cellosaurus:CVCL_CZ92	MES-OV	1
cellosaurus:CVCL_CZ97	MES-OV/T40	1
cellosaurus:CVCL_CZ96	MES-OV/TxT50	1
cellosaurus:CVCL_0270	G-401	4
cellosaurus:CVCL_1415	MKN1	3
cellosaurus:CVCL_L280	SuSa	1
cellosaurus:CVCL_1102	Ca9-22	3
cellosaurus:CVCL_3171	STC 1	2
cellosaurus:CVCL_1401	ME-180	4
cellosaurus:CVCL_0473	OV-2008	2
cellosaurus:CVCL_C843	MM418	1
cellosaurus:CVCL_0628	SK-LMS-1	3
cellosaurus:CVCL_0475	OVCA433	1
cellosaurus:CVCL_DA01	OVCA433/T40	1
cellosaurus:CVCL_DA00	OVCA433/TxT50	1
cellosaurus:CVCL_C122	SP-53	1
cellosaurus:CVCL_1682	SCC-25	2
cellosaurus:CVCL_2220	U-HO1	1
cellosaurus:CVCL_3603	SW579	1
cellosaurus:CVCL_1120	CGTH-W-1	3
cellosaurus:CVCL_1547	NCI-H23	19
cellosaurus:CVCL_0832	Hs 633.T	1
cellosaurus:CVCL_0463	NCI-H157	3
cellosaurus:CVCL_1317	Jiyoye	2
cellosaurus:CVCL_2516	HS-Sultan	2
cellosaurus:CVCL_2676	P3HR-1	3
cellosaurus:CVCL_1675	SAS	2
cellosaurus:CVCL_0152	AsPC-1	5
cellosaurus:CVCL_7165	MPanc-96	1
cellosaurus:CVCL_0207	CCRF-CEM	10
cellosaurus:CVCL_3496	CEM/C1	2
cellosaurus:CVCL_0542	SW13	1
cellosaurus:CVCL_0554	T24	2
cellosaurus:CVCL_2443	Ej138	1
cellosaurus:CVCL_V606	SLR20	1
cellosaurus:CVCL_3770	OVK18	1
cellosaurus:CVCL_0095	SEM	3
cellosaurus:CVCL_3172	SUIT-2	3
cellosaurus:CVCL_2961	IM95	5
cellosaurus:CVCL_7928	WM164	3
cellosaurus:CVCL_6357	451Lu	7
cellosaurus:CVCL_DG54	451Lu-MR	1
cellosaurus:CVCL_1087	BL-41	2
cellosaurus:CVCL_2095	KYO-1	1
cellosaurus:CVCL_1827	LA-N-1	3
cellosaurus:CVCL_1851	RCH-ACV	3
cellosaurus:CVCL_1579	NCI-H69	7
cellosaurus:CVCL_3513	H69AR	6
cellosaurus:CVCL_2466	H69V	1
cellosaurus:CVCL_A590	NCI-N592	1
cellosaurus:CVCL_0237	Capan-1	4
cellosaurus:CVCL_1604	NEC8	1
cellosaurus:CVCL_1628	OVCAR-5	11
cellosaurus:CVCL_1994	COLO 704	4
cellosaurus:CVCL_M005	JMN	1
cellosaurus:CVCL_1494	NCI-H1781	3
cellosaurus:CVCL_0528	SK-N-BE(2)	4
cellosaurus:CVCL_0529	SK-N-BE(2)-C	2
cellosaurus:CVCL_1290	HT	6
cellosaurus:CVCL_0485	PLC/PRF/5	5
cellosaurus:CVCL_6774	DOV13	1
cellosaurus:CVCL_1255	HCC1569	9
cellosaurus:CVCL_2989	KMS-11	1
cellosaurus:CVCL_1259	HCC1954	68
cellosaurus:CVCL_1612	NUGC-3	2
cellosaurus:CVCL_1568	NCI-H524	4
cellosaurus:CVCL_1075	BALL-1	1
cellosaurus:CVCL_1056	A-498	11
cellosaurus:CVCL_1051	786-O	10
cellosaurus:CVCL_0062	MDA-MB-231	25
cellosaurus:CVCL_1130	COLO 679	1
cellosaurus:CVCL_1331	KM12	9
cellosaurus:CVCL_6806	WM9	3
cellosaurus:CVCL_1654	RERF-LC-KJ	3
cellosaurus:CVCL_1649	RD	5
cellosaurus:CVCL_5711	BJAB	3
cellosaurus:CVCL_DG51	Mel1617	1
cellosaurus:CVCL_DG53	Mel1617-MR	1
cellosaurus:CVCL_0036	RT-4	3
cellosaurus:CVCL_0346	IMR-32	3
cellosaurus:CVCL_0044	BeWo	2
cellosaurus:CVCL_1404	MES-SA	4
cellosaurus:CVCL_2598	MES-SA/Dx5	3
cellosaurus:CVCL_2599	MES-SA/MX2	2
cellosaurus:CVCL_0374	KG-1	3
cellosaurus:CVCL_1614	OAW28	2
cellosaurus:CVCL_4993	41M	1
cellosaurus:CVCL_0336	Huh-7	5
cellosaurus:CVCL_2046	FM3	1
cellosaurus:CVCL_1180	DOK	1
cellosaurus:CVCL_2169	RD-ES	5
cellosaurus:CVCL_0C61	PT1590	16
cellosaurus:CVCL_5105	SNU-899	1
cellosaurus:CVCL_1107	CAL-27	2
cellosaurus:CVCL_0064	MV4-11	4
cellosaurus:CVCL_2207	SU-DHL-8	2
cellosaurus:CVCL_0179	BT-474	47
cellosaurus:CVCL_2148	NW145	1
cellosaurus:CVCL_1234	GOTO	3
cellosaurus:CVCL_0532	SK-OV-3	19
cellosaurus:CVCL_3941	OVCAR-2	3
cellosaurus:CVCL_2529	Ishikawa	3
cellosaurus:CVCL_6543	Ishikawa (Heraklio) 02 ER-	2
cellosaurus:CVCL_5015	SNU-1196	1
cellosaurus:CVCL_0093	RS4;11	1
cellosaurus:CVCL_0134	A2780	9
cellosaurus:CVCL_H619	A2780-1A9	1
cellosaurus:CVCL_CZ93	1A9/T80	1
cellosaurus:CVCL_DI16	A2780-SCA	2
cellosaurus:CVCL_F638	A2780/C200	2
cellosaurus:CVCL_F639	A2780/C30	2
cellosaurus:CVCL_0135	A2780/CP70	2
cellosaurus:CVCL_1941	A2780ADR	1
cellosaurus:CVCL_1942	A2780cis	1
cellosaurus:CVCL_0425	MEG-01	4
cellosaurus:CVCL_0546	SW480	10
cellosaurus:CVCL_F650	SW613	2
cellosaurus:CVCL_7166	CHP-100	1
cellosaurus:CVCL_1341	KP-N-YN	1
cellosaurus:CVCL_1678	SBC-3	1
cellosaurus:CVCL_5759	H-MESO-1	1
cellosaurus:CVCL_5760	H-MESO-1A	1
cellosaurus:CVCL_3302	Farage	4
cellosaurus:CVCL_3352	OCUB-F	2
cellosaurus:CVCL_1621	OCUB-M	1
cellosaurus:CVCL_1705	SN12C	8
cellosaurus:CVCL_9549	SN12C-PM6	1
cellosaurus:CVCL_2996	KMS-34	1
cellosaurus:CVCL_0318	HT-144	2
cellosaurus:CVCL_1340	KP-N-SI9s	1
cellosaurus:CVCL_D748	M229	2
cellosaurus:CVCL_9680	FM93	1
cellosaurus:CVCL_E219	NAB-2	1
cellosaurus:CVCL_1049	647V	4
cellosaurus:CVCL_0001	HEL	2
cellosaurus:CVCL_2481	HEL 92.1.7	3
cellosaurus:CVCL_0080	A-673	6
cellosaurus:CVCL_0364	JHH-5	1
cellosaurus:CVCL_5081	SNU-668	1
cellosaurus:CVCL_3116	OVISE	3
cellosaurus:CVCL_4897	PK-59	1
cellosaurus:CVCL_4632	888-mel	1
cellosaurus:CVCL_3020	MCAS	2
cellosaurus:CVCL_1609	NOMO-1	2
cellosaurus:CVCL_3077	NOMO-1/ADM	1
cellosaurus:CVCL_0399	LoVo	4
cellosaurus:CVCL_5237	LoVo-92	3
cellosaurus:CVCL_5238	LoVo-li	3
cellosaurus:CVCL_3178	TCC-Pan2	1
cellosaurus:CVCL_0530	SK-N-MC	3
cellosaurus:CVCL_1398	SK-N-MC-IXC	2
cellosaurus:CVCL_2787	JHH-4	2
cellosaurus:CVCL_DF82	CC-11+	2
cellosaurus:CVCL_DF83	CC-11-	2
cellosaurus:CVCL_2119	MOLM-13	3
cellosaurus:CVCL_3526	HuT 102	1
cellosaurus:CVCL_1776	TYK-nu	1
cellosaurus:CVCL_0006	THP-1	15
cellosaurus:CVCL_0013	MOLT-4	10
cellosaurus:CVCL_2792	MOLT-4F	1
cellosaurus:CVCL_4744	LAPC-4	2
cellosaurus:CVCL_0031	MCF-7	47
cellosaurus:CVCL_2094	KPL-1	10
cellosaurus:CVCL_1327	KE-37	1
cellosaurus:CVCL_1092	BT-549	16
cellosaurus:CVCL_1594	NCI-H838	7
cellosaurus:CVCL_0580	WM35	11
cellosaurus:CVCL_1274	HEC-1	1
cellosaurus:CVCL_0293	HEC-1-A	3
cellosaurus:CVCL_0294	HEC-1-B	3
cellosaurus:CVCL_0623	MDA-MB-436	10
cellosaurus:CVCL_1728	SW780	4
cellosaurus:CVCL_2620	MOR/CPR	1
cellosaurus:CVCL_1720	SW1573	6
cellosaurus:CVCL_9885	STA-NB-10	3
cellosaurus:CVCL_DG49	STA-NB-10/dmin	1
cellosaurus:CVCL_DG50	STA-NB-10/hsr	1
cellosaurus:CVCL_6795	WM239A	3
cellosaurus:CVCL_0555	T84	4
cellosaurus:CVCL_0103	SUP-B15	1
cellosaurus:CVCL_1989	COLO 320	2
cellosaurus:CVCL_0219	COLO 320DM	5
cellosaurus:CVCL_0220	COLO 320HSR	3
cellosaurus:CVCL_F641	COLO 587	1
cellosaurus:CVCL_6008	NPC-TW01	2
cellosaurus:CVCL_0588	ZR-75-1	13
cellosaurus:CVCL_2814	YMB-1	2
cellosaurus:CVCL_0021	U-251MG	9
cellosaurus:CVCL_0535	SNB-19	12
cellosaurus:CVCL_2219	U-373MG ATCC	1
cellosaurus:CVCL_1662	RMG-I	3
cellosaurus:CVCL_2091	KCL-22	1
cellosaurus:CVCL_0455	NCI-H292	2
cellosaurus:CVCL_1071	AML-193	1
cellosaurus:CVCL_0030	HeLa	5
cellosaurus:CVCL_2320	HeLa BU-25	1
cellosaurus:CVCL_1403	Mel JuSo	1
cellosaurus:CVCL_0126	5637	5
cellosaurus:CVCL_6344	5637 subclone 1A6	1
cellosaurus:CVCL_1105	CAL-12T	3
cellosaurus:CVCL_1220	G-361	2
cellosaurus:CVCL_0418	MDA-MB-453	16
cellosaurus:CVCL_0005	NB4	1
cellosaurus:CVCL_1346	KY821	1
cellosaurus:CVCL_2929	HEC-50B	1
cellosaurus:CVCL_3326	Pfeiffer	4
cellosaurus:CVCL_1697	SJSA-1	4
cellosaurus:CVCL_2686	PEO1	5
cellosaurus:CVCL_1714	SUP-T1	2
cellosaurus:CVCL_1045	22Rv1	6
cellosaurus:CVCL_3936	OVCA429	1
cellosaurus:CVCL_CZ99	OVCA429/T40	1
cellosaurus:CVCL_CZ98	OVCA429/TxT50	1
cellosaurus:CVCL_7041	GIST48	1
cellosaurus:CVCL_3082	NUGC-4	2
cellosaurus:CVCL_4995	HX/62	1
cellosaurus:CVCL_8878	HEY A8	1
cellosaurus:CVCL_1672	RVH-421	1
cellosaurus:CVCL_0153	B-CPAP	1
cellosaurus:CVCL_0007	U-937	2
cellosaurus:CVCL_1775	TUR	1
cellosaurus:CVCL_2891	EBC-1	2
cellosaurus:CVCL_0234	Caki-1	13
cellosaurus:CVCL_0556	T98G	2
cellosaurus:CVCL_1139	COR-L23	5
cellosaurus:CVCL_2007	COR-L23/CPR	1
cellosaurus:CVCL_1110	CAL-51	10
cellosaurus:CVCL_4717	PK-1	1
cellosaurus:CVCL_5146	KLM-1	1
cellosaurus:CVCL_1324	Karpas-299	2
cellosaurus:CVCL_D853	MM96L	1
cellosaurus:CVCL_0317	HT-1080	47
cellosaurus:CVCL_8870	FLYA13	1
cellosaurus:CVCL_0069	SK-MEL-2	12
cellosaurus:CVCL_8200	GLC-1	1
cellosaurus:CVCL_0388	LAMA-84	1
cellosaurus:CVCL_3112	OVMIU	1
cellosaurus:CVCL_1913	Peer	2
cellosaurus:CVCL_6027	SK-MEL-23	1
cellosaurus:CVCL_1556	NCI-H322	6
cellosaurus:CVCL_1557	NCI-H322M	9
cellosaurus:CVCL_6948	SF188	2
cellosaurus:CVCL_0014	RPMI-8226	18
cellosaurus:CVCL_1862	COLO 677	1
cellosaurus:CVCL_1996	COLO 775	1
cellosaurus:CVCL_1222	GA-10	4
cellosaurus:CVCL_1395	M14	11
cellosaurus:CVCL_0417	MDA-MB-435	11
cellosaurus:CVCL_0622	MDA-MB-435S	4
cellosaurus:CVCL_1910	MDA-N	6
cellosaurus:CVCL_A670	SHIN-3	1
cellosaurus:CVCL_1629	OVCAR-8	16
cellosaurus:CVCL_1452	NCI-ADR-RES	8
cellosaurus:CVCL_1765	TE-6	1
cellosaurus:CVCL_1987	COLO 201	3
cellosaurus:CVCL_0363	JEG-3	2
cellosaurus:CVCL_0559	TF-1	1
cellosaurus:CVCL_1603	NCI-N87	9
cellosaurus:CVCL_1228	GCIY	1
cellosaurus:CVCL_8147	L3.3	1
cellosaurus:CVCL_0092	NALM-6	3
cellosaurus:CVCL_1624	ONS-76	2
cellosaurus:CVCL_0620	MDA-MB-361	18
cellosaurus:CVCL_1281	HLE	2
cellosaurus:CVCL_0002	HL-60	15
cellosaurus:CVCL_2892	Eos-HL-60	1
cellosaurus:CVCL_3332	HL-60/MX1	2
cellosaurus:CVCL_2945	HL60RG	1
cellosaurus:CVCL_2162	PLB-985	2
cellosaurus:CVCL_3083	OCUG-1	1
cellosaurus:CVCL_1865	JeKo-1	3
cellosaurus:CVCL_0359	J82	5
cellosaurus:CVCL_1780	UACC-62	12
cellosaurus:CVCL_1059	A2058	2
cellosaurus:CVCL_1820	HPB-ALL	2
cellosaurus:CVCL_0379	Ku812	3
cellosaurus:CVCL_1083	BFTC-905	4
cellosaurus:CVCL_1615	OAW42	3
cellosaurus:CVCL_1514	NCI-H2009	8
cellosaurus:CVCL_0009	HDLM-2	4
cellosaurus:CVCL_0533	SK-UT-1	3
cellosaurus:CVCL_2250	SK-UT-1B	2
cellosaurus:CVCL_6031	SK-MEL-29	2
cellosaurus:CVCL_C123	SSK41	2
cellosaurus:CVCL_2713	RPMI-7932	1
cellosaurus:CVCL_1122	CHL-1	3
cellosaurus:CVCL_7714	UM-SCC-10B	1
cellosaurus:CVCL_1695	SiMa	2
cellosaurus:CVCL_0609	Calu-3	9
cellosaurus:CVCL_0324	HuCC-T1	2
cellosaurus:CVCL_1691	SF539	8
cellosaurus:CVCL_0024	SCLC-21H	2
cellosaurus:CVCL_1258	HCC1806	7
cellosaurus:CVCL_0371	KATO III	11
cellosaurus:CVCL_D029	M18	1
cellosaurus:CVCL_1392	Lu-65	2
cellosaurus:CVCL_3012	Lu-65A	1
cellosaurus:CVCL_3013	Lu-65B	1
cellosaurus:CVCL_0216	CMK	1
cellosaurus:CVCL_2804	CMK-86	1
cellosaurus:CVCL_0217	CMK-11-5	1
cellosaurus:CVCL_3005	KP-3	2
cellosaurus:CVCL_3015	Lu-99	1
cellosaurus:CVCL_1393	Lu-99A	1
cellosaurus:CVCL_0131	A-172	6
cellosaurus:CVCL_2141	NGP	1
cellosaurus:CVCL_0445	MeWo	6
cellosaurus:CVCL_8706	HONE-1	3
cellosaurus:CVCL_0067	Namalwa	5
cellosaurus:CVCL_1559	NCI-H358	10
cellosaurus:CVCL_DG02	Rh18c	2
cellosaurus:CVCL_5086	SNU-719	1
cellosaurus:CVCL_5112	SNU-C5	1
cellosaurus:CVCL_1602	NCI-N417	2
cellosaurus:CVCL_1094	C-33 A	3
cellosaurus:CVCL_1483	NCI-H1650	7
cellosaurus:CVCL_1619	OCI-AML-2	2
cellosaurus:CVCL_1852	Tanoue	2
cellosaurus:CVCL_6807	WM902B	3
cellosaurus:CVCL_2291	59M	2
cellosaurus:CVCL_0042	U2OS	9
cellosaurus:CVCL_1893	Y-79	3
cellosaurus:CVCL_S611	RB355	1
cellosaurus:CVCL_0511	Raji	3
cellosaurus:CVCL_3042	NC-37	2
cellosaurus:CVCL_5529	HLC-1	2
cellosaurus:CVCL_1625	OPM-2	1
cellosaurus:CVCL_2050	GOS-3	1
cellosaurus:CVCL_1562	NCI-H446	6
cellosaurus:CVCL_7707	UM-SCC-1	1
cellosaurus:CVCL_0023	A-549	28
cellosaurus:CVCL_1723	SW1990	4
cellosaurus:CVCL_1060	A-253	2
cellosaurus:CVCL_1402	Mel Ho	1
cellosaurus:CVCL_1097	C32 [Human melanoma]	3
cellosaurus:CVCL_2324	C32TG	2
cellosaurus:CVCL_3008	LC-1/sq	2
cellosaurus:CVCL_5480	LC-1/sq-SF	1
cellosaurus:CVCL_1372	LC-1F	1
cellosaurus:CVCL_1279	HGC-27	2
cellosaurus:CVCL_1771	TGW	2
cellosaurus:CVCL_0326	Hep 3B2.1-7	5
cellosaurus:CVCL_2873	CCK-81	2
cellosaurus:CVCL_1417	MKN7	5
cellosaurus:CVCL_1690	SF295	10
cellosaurus:CVCL_0041	Rh30	8
cellosaurus:CVCL_1137	COLO 829	3
cellosaurus:CVCL_1591	NCI-H82	9
cellosaurus:CVCL_0132	A-375	7
cellosaurus:CVCL_2295	A375-C6	1
cellosaurus:CVCL_0136	A375.S2	1
cellosaurus:CVCL_0027	Hep-G2	6
cellosaurus:CVCL_1098	Hep-G2/C3A	3
cellosaurus:CVCL_0105	DU145	22
cellosaurus:CVCL_1968	BM-1604	2
cellosaurus:CVCL_AS75	DU145/RC0.1	6
cellosaurus:CVCL_1339	KP-N-RT-BM-1	1
cellosaurus:CVCL_8207	GLC-2	1
cellosaurus:CVCL_0178	BT-20	9
cellosaurus:CVCL_2037	F-36P	3
cellosaurus:CVCL_0320	HT-29	13
cellosaurus:CVCL_DH88	HT-29 BR100	1
cellosaurus:CVCL_DH89	HT-29 BR200	1
cellosaurus:CVCL_DH90	HT-29 BR300	1
cellosaurus:CVCL_2760	WiDr	4
cellosaurus:CVCL_0426	MG-63	6
cellosaurus:CVCL_2960	IHH-4	1
cellosaurus:CVCL_2213	TC-71	2
cellosaurus:CVCL_1667	RPMI-8402	2
cellosaurus:CVCL_1600	NCI-H929	1
cellosaurus:CVCL_0032	SiHa	8
cellosaurus:CVCL_0139	AGS	11
cellosaurus:CVCL_E322	YES-2	1
cellosaurus:CVCL_2123	MOLP-2	1
cellosaurus:CVCL_3004	KP-2	1
cellosaurus:CVCL_0313	HPAF-II	7
cellosaurus:CVCL_6030	SK-MEL-27	1
cellosaurus:CVCL_0037	A-431	1
cellosaurus:CVCL_5215	PMC42	1
cellosaurus:CVCL_2604	MM253	1
cellosaurus:CVCL_D751	M238	2
cellosaurus:CVCL_1288	HSC-3	4
cellosaurus:CVCL_1218	FaDu	3
cellosaurus:CVCL_6831	NCI-H3255	4
cellosaurus:CVCL_0025	Caco-2	3
cellosaurus:CVCL_1096	C2BBe1	1
cellosaurus:CVCL_0060	NCI-H1299	5
cellosaurus:CVCL_0332	Hs 578T	13
cellosaurus:CVCL_1301	HuTu 80	1
cellosaurus:CVCL_2862	AZ-521	3
cellosaurus:CVCL_1988	COLO 206F	3
cellosaurus:CVCL_8030	1102-mel	1
cellosaurus:CVCL_DI59	1174	1
cellosaurus:CVCL_8032	1182-mel	1
cellosaurus:CVCL_8033	1195-mel	1
cellosaurus:CVCL_7943	1290-mel	2
cellosaurus:CVCL_DI11	1858-mel a	1
cellosaurus:CVCL_DI12	1858-mel b	1
cellosaurus:CVCL_DI13	1858-mel c	1
cellosaurus:CVCL_DI14	1936-mel	1
cellosaurus:CVCL_DI15	1962-mel	1
cellosaurus:CVCL_X481	201T	1
cellosaurus:CVCL_7933	21NT	1
cellosaurus:CVCL_1046	23132/87	2
cellosaurus:CVCL_X482	273T	2
cellosaurus:CVCL_1047	380	1
cellosaurus:CVCL_1798	42-MG-BA	2
cellosaurus:CVCL_4633	501-mel	5
cellosaurus:CVCL_8051	526-mel	1
cellosaurus:CVCL_9875	600MPE	1
cellosaurus:CVCL_1048	639V	4
cellosaurus:CVCL_0079	697	1
cellosaurus:CVCL_1050	769-P	5
cellosaurus:CVCL_1052	8-MG-BA	2
cellosaurus:CVCL_1053	8305C	1
cellosaurus:CVCL_1054	8505C	1
cellosaurus:CVCL_8058	938-mel	1
cellosaurus:CVCL_1055	A-427	6
cellosaurus:CVCL_1065	A-704	2
cellosaurus:CVCL_W875	A02-JLO	1
cellosaurus:CVCL_S856	A04-GEH	1
cellosaurus:CVCL_S857	A06-MLC	1
cellosaurus:CVCL_W879	A07-RM	1
cellosaurus:CVCL_1057	A101D	3
cellosaurus:CVCL_DH60	A12	1
cellosaurus:CVCL_DH61	A13	1
cellosaurus:CVCL_W878	A15 [Human melanoma]	1
cellosaurus:CVCL_1062	A3/Kawakami	1
cellosaurus:CVCL_1064	A4/Fukuda	1
cellosaurus:CVCL_6245	A4573	1
cellosaurus:CVCL_5113	ACC-MESO-1	2
cellosaurus:CVCL_5114	ACC-MESO-4	1
cellosaurus:CVCL_DG88	ACC-OV551	2
cellosaurus:CVCL_DG89	ACC-OV552	2
cellosaurus:CVCL_DG95	ACC-OV684	2
cellosaurus:CVCL_DG96	ACC-OV68A	2
cellosaurus:CVCL_DG86	ACC-OV7	2
cellosaurus:CVCL_U801	AF-6	1
cellosaurus:CVCL_U957	AlAb	1
cellosaurus:CVCL_LC71	AlDo	1
cellosaurus:CVCL_1805	ALL-SIL	2
cellosaurus:CVCL_1070	AM-38	2
cellosaurus:CVCL_1806	AMO1	1
cellosaurus:CVCL_0028	AN3-CA	6
cellosaurus:CVCL_2856	ASH-3	1
cellosaurus:CVCL_1074	AU565	3
cellosaurus:CVCL_1079	BC-1	5
cellosaurus:CVCL_1856	BC-2	5
cellosaurus:CVCL_1080	BC-3	5
cellosaurus:CVCL_1958	BC-3C	1
cellosaurus:CVCL_B040	BC-5	3
cellosaurus:CVCL_0165	BCBL-1	3
cellosaurus:CVCL_0107	BCP-1	4
cellosaurus:CVCL_4613	BDCM	3
cellosaurus:CVCL_1093	Becker	1
cellosaurus:CVCL_1082	BEN	3
cellosaurus:CVCL_1085	BHT-101	3
cellosaurus:CVCL_1086	BHY	1
cellosaurus:CVCL_2307	BICR 10	1
cellosaurus:CVCL_2308	BICR 16	1
cellosaurus:CVCL_2309	BICR 18	1
cellosaurus:CVCL_2310	BICR 22	2
cellosaurus:CVCL_2312	BICR 31	2
cellosaurus:CVCL_2313	BICR 56	1
cellosaurus:CVCL_2314	BICR 6	1
cellosaurus:CVCL_2315	BICR 78	1
cellosaurus:CVCL_1088	BL-70	1
cellosaurus:CVCL_7948	BOY-12E	1
cellosaurus:CVCL_E997	BroLi	1
cellosaurus:CVCL_2319	BT-483	6
cellosaurus:CVCL_2253	C-4-I	4
cellosaurus:CVCL_1095	C-4-II	3
cellosaurus:CVCL_S959	C170	3
cellosaurus:CVCL_1100	Ca Ski	7
cellosaurus:CVCL_1101	CA46	4
cellosaurus:CVCL_1103	CADO-ES1	2
cellosaurus:CVCL_0235	Caki-2	4
cellosaurus:CVCL_1104	CAL-120	5
cellosaurus:CVCL_1106	CAL-148	5
cellosaurus:CVCL_1808	CAL-29	2
cellosaurus:CVCL_1108	CAL-33	1
cellosaurus:CVCL_1111	CAL-54	3
cellosaurus:CVCL_1112	CAL-62	3
cellosaurus:CVCL_1809	CAL-78	1
cellosaurus:CVCL_1114	CAL-85-1	4
cellosaurus:CVCL_5121	CaLo	2
cellosaurus:CVCL_0236	Calu-6	6
cellosaurus:CVCL_1115	CAMA-1	6
cellosaurus:CVCL_0200	Caov-1	1
cellosaurus:CVCL_0202	Caov-4	5
cellosaurus:CVCL_0026	Capan-2	4
cellosaurus:CVCL_1116	CaR-1	1
cellosaurus:CVCL_1117	CAS-1	1
cellosaurus:CVCL_DF79	CC-10A	2
cellosaurus:CVCL_DF80	CC-10B	2
cellosaurus:CVCL_DF78	CC-8	2
cellosaurus:CVCL_1118	CCF-STTG1	4
cellosaurus:CVCL_1860	CCRF-SB	2
cellosaurus:CVCL_1123	CHP-126	2
cellosaurus:CVCL_1124	CHP-134	3
cellosaurus:CVCL_1125	CHP-212	4
cellosaurus:CVCL_1861	Ci-1	1
cellosaurus:CVCL_M711	CIPULLO	1
cellosaurus:CVCL_U797	CJM [Human melanoma]	1
cellosaurus:CVCL_1978	CL-11	3
cellosaurus:CVCL_1979	CL-14	3
cellosaurus:CVCL_1980	CL-34	3
cellosaurus:CVCL_1982	CL-40	3
cellosaurus:CVCL_9533	CLB-Ma2	2
cellosaurus:CVCL_5728	CLS-54	2
cellosaurus:CVCL_1126	CML-T1	3
cellosaurus:CVCL_1127	CoCM-1	1
cellosaurus:CVCL_1128	COLO 668	1
cellosaurus:CVCL_1129	COLO 678	4
cellosaurus:CVCL_1131	COLO 680N	2
cellosaurus:CVCL_1132	COLO 684	2
cellosaurus:CVCL_1991	COLO 685	1
cellosaurus:CVCL_1992	COLO 699	1
cellosaurus:CVCL_1133	COLO 741	2
cellosaurus:CVCL_1997	COLO 783	1
cellosaurus:CVCL_1134	COLO 792	2
cellosaurus:CVCL_1136	COLO 824	2
cellosaurus:CVCL_2002	COLO 849	1
cellosaurus:CVCL_2003	COLO 853	1
cellosaurus:CVCL_2004	COLO 857	1
cellosaurus:CVCL_2005	COLO 858	1
cellosaurus:CVCL_1138	COR-L105	4
cellosaurus:CVCL_2409	COR-L24	1
cellosaurus:CVCL_1140	COR-L279	4
cellosaurus:CVCL_2412	COR-L311	1
cellosaurus:CVCL_2415	COR-L47	1
cellosaurus:CVCL_2416	COR-L51	1
cellosaurus:CVCL_1141	COR-L88	4
cellosaurus:CVCL_2418	COR-L95	2
cellosaurus:CVCL_2419	COV318	2
cellosaurus:CVCL_2010	COV434	2
cellosaurus:CVCL_2424	COV504	1
cellosaurus:CVCL_2425	COV644	2
cellosaurus:CVCL_1146	CPC-N	2
cellosaurus:CVCL_1147	CRO-AP2	3
cellosaurus:CVCL_1148	CRO-AP5	3
cellosaurus:CVCL_DF76	CSCC-1	2
cellosaurus:CVCL_DF77	CSCC-7	2
cellosaurus:CVCL_1149	CTB-1	1
cellosaurus:CVCL_1151	CW-2	1
cellosaurus:CVCL_DH62	D01	1
cellosaurus:CVCL_DH63	D03	1
cellosaurus:CVCL_H604	D04	1
cellosaurus:CVCL_H607	D05	1
cellosaurus:CVCL_H608	D08	1
cellosaurus:CVCL_H945	D10	1
cellosaurus:CVCL_H946	D11	1
cellosaurus:CVCL_H944	D14	1
cellosaurus:CVCL_H943	D17	1
cellosaurus:CVCL_W869	D20	1
cellosaurus:CVCL_DH67	D22 [Human melanoma]	1
cellosaurus:CVCL_W871	D24 [Human melanoma]	1
cellosaurus:CVCL_W872	D25	1
cellosaurus:CVCL_DH69	D28	1
cellosaurus:CVCL_1155	D283 Med	6
cellosaurus:CVCL_DH70	D29	1
cellosaurus:CVCL_DH71	D30	1
cellosaurus:CVCL_DH72	D32	1
cellosaurus:CVCL_0018	D341 Med	7
cellosaurus:CVCL_DG37	D35	1
cellosaurus:CVCL_DH73	D36	1
cellosaurus:CVCL_DH74	D38 [Human melanoma]	1
cellosaurus:CVCL_1157	D384 Med	1
cellosaurus:CVCL_DH75	D40	1
cellosaurus:CVCL_DH76	D41	1
cellosaurus:CVCL_1275	D425 Med	2
cellosaurus:CVCL_1161	D458 Med	1
cellosaurus:CVCL_DH66	D49	1
cellosaurus:CVCL_DH65	D54 [Human melanoma]	1
cellosaurus:CVCL_1165	D556 Med	1
cellosaurus:CVCL_DH64	D64	1
cellosaurus:CVCL_0243	DAN-G	1
cellosaurus:CVCL_1167	Daoy	3
cellosaurus:CVCL_1168	DB	5
cellosaurus:CVCL_1169	DBTRG-05MG	4
cellosaurus:CVCL_M814	DDLS8817	2
cellosaurus:CVCL_1170	DEL	1
cellosaurus:CVCL_1171	Detroit 562	5
cellosaurus:CVCL_0244	DG-75	5
cellosaurus:CVCL_1173	DK-MG	4
cellosaurus:CVCL_2019	DM-3	1
cellosaurus:CVCL_1174	DMS 114	4
cellosaurus:CVCL_1175	DMS 153	4
cellosaurus:CVCL_1176	DMS 273	4
cellosaurus:CVCL_2438	DMS 454	1
cellosaurus:CVCL_1177	DMS 53	5
cellosaurus:CVCL_1178	DMS 79	5
cellosaurus:CVCL_2439	DMS 92	1
cellosaurus:CVCL_2022	DND-41	1
cellosaurus:CVCL_1179	DoHH2	6
cellosaurus:CVCL_1181	DoTc2 4510	4
cellosaurus:CVCL_1183	DU4475	7
cellosaurus:CVCL_DH86	E3GS2.4	1
cellosaurus:CVCL_2027	EB1	4
cellosaurus:CVCL_1186	EB2	3
cellosaurus:CVCL_1185	EB3 [Human Burkitt lymphoma]	2
cellosaurus:CVCL_1187	EC-GI-10	1
cellosaurus:CVCL_1188	ECC10	1
cellosaurus:CVCL_1189	ECC12	1
cellosaurus:CVCL_1191	EFE-184	3
cellosaurus:CVCL_0253	EFM-19	7
cellosaurus:CVCL_1812	EFM-192A	4
cellosaurus:CVCL_2030	EJM	2
cellosaurus:CVCL_1195	EKVX	9
cellosaurus:CVCL_M653	Elijah	1
cellosaurus:CVCL_1196	EM-2	3
cellosaurus:CVCL_2034	EN	1
cellosaurus:CVCL_0258	EoL-1	1
cellosaurus:CVCL_1197	EPLC-272H	3
cellosaurus:CVCL_5122	ES-1-OT	1
cellosaurus:CVCL_AX39	ES2	1
cellosaurus:CVCL_1205	ESS-1	1
cellosaurus:CVCL_1216	EW-3	1
cellosaurus:CVCL_H614	FE-PD	1
cellosaurus:CVCL_4W88	FM116	1
cellosaurus:CVCL_C576	FM2	1
cellosaurus:CVCL_9674	FM45	1
cellosaurus:CVCL_C587	FM48	1
cellosaurus:CVCL_C590	FM55M2	1
cellosaurus:CVCL_C593	FM56	1
cellosaurus:CVCL_C594	FM57	1
cellosaurus:CVCL_C595	FM58	1
cellosaurus:CVCL_C581	FM6	1
cellosaurus:CVCL_9676	FM62	1
cellosaurus:CVCL_C599	FM66	1
cellosaurus:CVCL_C600	FM69	1
cellosaurus:CVCL_C602	FM72	1
cellosaurus:CVCL_C603	FM74	1
cellosaurus:CVCL_9677	FM76	1
cellosaurus:CVCL_C606	FM78	1
cellosaurus:CVCL_C607	FM79	1
cellosaurus:CVCL_C609	FM82	1
cellosaurus:CVCL_C610	FM86	1
cellosaurus:CVCL_9679	FM88	1
cellosaurus:CVCL_C582	FM9	1
cellosaurus:CVCL_C615	FM92	1
cellosaurus:CVCL_C618	FM95	1
cellosaurus:CVCL_1219	FTC-133	2
cellosaurus:CVCL_2447	FTC-238	2
cellosaurus:CVCL_M815	FU-DDLS-1	1
cellosaurus:CVCL_2047	FU-OV-1	2
cellosaurus:CVCL_2908	Fu97	5
cellosaurus:CVCL_D880	Fuji	1
cellosaurus:CVCL_2909	G-292 clone A141B1	2
cellosaurus:CVCL_1221	G-402	4
cellosaurus:CVCL_DG66	G166	1
cellosaurus:CVCL_DG69	G179	1
cellosaurus:CVCL_1226	GaMG	2
cellosaurus:CVCL_7956	GAY2911	1
cellosaurus:CVCL_1227	GB-1	1
cellosaurus:CVCL_DG58	GBM2	1
cellosaurus:CVCL_DG63	GBM7	1
cellosaurus:CVCL_1229	GCT	6
cellosaurus:CVCL_A344	GCT 27	1
cellosaurus:CVCL_1230	GDM-1	3
cellosaurus:CVCL_1231	GI-1	1
cellosaurus:CVCL_7042	GIST522	1
cellosaurus:CVCL_7043	GIST62	1
cellosaurus:CVCL_8204	GLC-14	1
cellosaurus:CVCL_8215	GLC-36	1
cellosaurus:CVCL_8218	GLC-8	2
cellosaurus:CVCL_DG67	GliNS2	1
cellosaurus:CVCL_1233	GMS-10	2
cellosaurus:CVCL_S967	GP202	1
cellosaurus:CVCL_S968	GP220	1
cellosaurus:CVCL_2450	GP2d	1
cellosaurus:CVCL_1235	GP5d	1
cellosaurus:CVCL_1817	Granta-452	1
cellosaurus:CVCL_1818	Granta-519	4
cellosaurus:CVCL_8876	GSS	1
cellosaurus:CVCL_8877	GSU	1
cellosaurus:CVCL_1238	H-EMC-SS	1
cellosaurus:CVCL_D788	HAL	1
cellosaurus:CVCL_8226	HANK1	1
cellosaurus:CVCL_4213	HBL-1 [Human diffuse large B-cell lymphoma]	1
cellosaurus:CVCL_M574	HBL-2 [Human AIDS-related non-Hodgkin lymphoma]	1
cellosaurus:CVCL_M172	HC-AFW1	1
cellosaurus:CVCL_2917	HCC-56	2
cellosaurus:CVCL_3374	HCC1007	1
cellosaurus:CVCL_1244	HCC1008	6
cellosaurus:CVCL_1245	HCC1143	117
cellosaurus:CVCL_5126	HCC1171	2
cellosaurus:CVCL_1247	HCC1187	11
cellosaurus:CVCL_5127	HCC1195	3
cellosaurus:CVCL_5128	HCC1359	1
cellosaurus:CVCL_1249	HCC1395	25
cellosaurus:CVCL_2057	HCC15	6
cellosaurus:CVCL_1254	HCC1500	7
cellosaurus:CVCL_1256	HCC1599	12
cellosaurus:CVCL_5129	HCC1833	2
cellosaurus:CVCL_5130	HCC193	2
cellosaurus:CVCL_2062	HCC202	8
cellosaurus:CVCL_1261	HCC2157	5
cellosaurus:CVCL_3375	HCC2185	1
cellosaurus:CVCL_1263	HCC2218	14
cellosaurus:CVCL_5131	HCC2279	3
cellosaurus:CVCL_5132	HCC2429	1
cellosaurus:CVCL_5133	HCC2450	2
cellosaurus:CVCL_3376	HCC2688	1
cellosaurus:CVCL_1265	HCC2935	2
cellosaurus:CVCL_1266	HCC2998	8
cellosaurus:CVCL_3377	HCC3153	1
cellosaurus:CVCL_2058	HCC33	1
cellosaurus:CVCL_5134	HCC364	1
cellosaurus:CVCL_2059	HCC366	5
cellosaurus:CVCL_1267	HCC38	23
cellosaurus:CVCL_2060	HCC44	3
cellosaurus:CVCL_5135	HCC461	2
cellosaurus:CVCL_5136	HCC515	1
cellosaurus:CVCL_1270	HCC70	9
cellosaurus:CVCL_3378	HCC712	2
cellosaurus:CVCL_5137	HCC95	3
cellosaurus:CVCL_1271	HCE-4	1
cellosaurus:CVCL_5138	HCE-7	1
cellosaurus:CVCL_1273	HD-MY-Z	3
cellosaurus:CVCL_2067	HDQ-P1	2
cellosaurus:CVCL_2923	HEC-108	1
cellosaurus:CVCL_2925	HEC-151	1
cellosaurus:CVCL_2927	HEC-251	1
cellosaurus:CVCL_2928	HEC-265	1
cellosaurus:CVCL_2930	HEC-59	1
cellosaurus:CVCL_2931	HEC-6	1
cellosaurus:CVCL_C827	HGC-25	1
cellosaurus:CVCL_1280	HH [Human lymphoma]	3
cellosaurus:CVCL_DF85	HH-B2	1
cellosaurus:CVCL_2949	HMC-1-8	1
cellosaurus:CVCL_3317	HMCB	4
cellosaurus:CVCL_1282	HMV-II	1
cellosaurus:CVCL_1283	HN	1
cellosaurus:CVCL_1284	HO-1-N-1	1
cellosaurus:CVCL_2784	HO-1-u-1	2
cellosaurus:CVCL_W086	HO275	1
cellosaurus:CVCL_1285	HOP-62	9
cellosaurus:CVCL_1286	HOP-92	10
cellosaurus:CVCL_0697	Hs 228.T	1
cellosaurus:CVCL_0331	Hs 294T	1
cellosaurus:CVCL_0802	Hs 571.T	1
cellosaurus:CVCL_0804	Hs 573.T	1
cellosaurus:CVCL_0823	Hs 611.T	1
cellosaurus:CVCL_0844	Hs 683	2
cellosaurus:CVCL_0851	Hs 695T	1
cellosaurus:CVCL_0858	Hs 700T	1
cellosaurus:CVCL_0863	Hs 706.T	1
cellosaurus:CVCL_0864	Hs 707(A).T	1
cellosaurus:CVCL_0871	Hs 729.T	1
cellosaurus:CVCL_0333	Hs 746.T	9
cellosaurus:CVCL_0334	Hs 766T	2
cellosaurus:CVCL_0903	Hs 781.T	1
cellosaurus:CVCL_0950	Hs 852.T	2
cellosaurus:CVCL_0985	Hs 891.T	1
cellosaurus:CVCL_1009	Hs 908.T	1
cellosaurus:CVCL_1036	Hs 939.T	1
cellosaurus:CVCL_1040	Hs 944.T	1
cellosaurus:CVCL_8719	HS-SY-2	1
cellosaurus:CVCL_1287	HSC-2	4
cellosaurus:CVCL_1289	HSC-4	3
cellosaurus:CVCL_7674	HSQ-89	1
cellosaurus:CVCL_DI58	HSR-GBM1B	1
cellosaurus:CVCL_1291	HT-1197	5
cellosaurus:CVCL_1293	HT-3	3
cellosaurus:CVCL_1294	HT-55	2
cellosaurus:CVCL_3524	HT-728.T	1
cellosaurus:CVCL_2520	HT115	2
cellosaurus:CVCL_2956	HuH-1	2
cellosaurus:CVCL_2955	HuH-28	1
cellosaurus:CVCL_1299	HuP-T3	2
cellosaurus:CVCL_1300	HuP-T4	4
cellosaurus:CVCL_1302	IA-LM	1
cellosaurus:CVCL_G209	IBEP-1	1
cellosaurus:CVCL_2075	IGR-37	2
cellosaurus:CVCL_DF87	INT.Ov2	1
cellosaurus:CVCL_9989	IOR/OS10	1
cellosaurus:CVCL_9990	IOR/OS14	1
cellosaurus:CVCL_9991	IOR/OS15	1
cellosaurus:CVCL_9993	IOR/OS18	1
cellosaurus:CVCL_9988	IOR/OS9	1
cellosaurus:CVCL_9995	IOR/SARG	1
cellosaurus:CVCL_1307	IPC-298	1
cellosaurus:CVCL_AW96	IRM2	1
cellosaurus:CVCL_F645	ISt-1	1
cellosaurus:CVCL_1311	IST-Mes1	1
cellosaurus:CVCL_1312	IST-Mes2	1
cellosaurus:CVCL_W874	JA	1
cellosaurus:CVCL_A593	JAMA-2	1
cellosaurus:CVCL_H633	JB6 [Human anaplastic large cell lymphoma]	1
cellosaurus:CVCL_2785	JHH-1	2
cellosaurus:CVCL_2786	JHH-2	2
cellosaurus:CVCL_2788	JHH-6	2
cellosaurus:CVCL_2805	JHH-7	1
cellosaurus:CVCL_4640	JHOC-5	2
cellosaurus:CVCL_4641	JHOC-7	1
cellosaurus:CVCL_4643	JHOC-9	1
cellosaurus:CVCL_4644	JHOM-1	1
cellosaurus:CVCL_4645	JHOM-2B	1
cellosaurus:CVCL_4647	JHOS-2	1
cellosaurus:CVCL_4649	JHOS-4	1
cellosaurus:CVCL_4655	JHUEM-1	1
cellosaurus:CVCL_4656	JHUEM-2	1
cellosaurus:CVCL_4657	JHUEM-3	1
cellosaurus:CVCL_4658	JHUEM-7	1
cellosaurus:CVCL_2077	JIMT-1	4
cellosaurus:CVCL_2079	JK-1	1
cellosaurus:CVCL_2080	JL-1	1
cellosaurus:CVCL_3532	JM-1	3
cellosaurus:CVCL_2081	JMSU-1	1
cellosaurus:CVCL_M891	JON	1
cellosaurus:CVCL_3728	JSC-1	4
cellosaurus:CVCL_2536	JU77	1
cellosaurus:CVCL_2086	JURL-MK1	1
cellosaurus:CVCL_5142	K008	1
cellosaurus:CVCL_1323	KALS-1	1
cellosaurus:CVCL_1821	Karpas-1106P	4
cellosaurus:CVCL_2539	Karpas-1718	2
cellosaurus:CVCL_1822	Karpas-231	1
cellosaurus:CVCL_9553	Karpas-353	1
cellosaurus:CVCL_1325	Karpas-422	6
cellosaurus:CVCL_1823	Karpas-620	1
cellosaurus:CVCL_0590	Kasumi-2	3
cellosaurus:CVCL_0614	Kasumi-6	1
cellosaurus:CVCL_X904	KC12	1
cellosaurus:CVCL_3385	KE-39	1
cellosaurus:CVCL_2092	Kelly	4
cellosaurus:CVCL_2971	KG-1-C	3
cellosaurus:CVCL_2973	KHM-10B	1
cellosaurus:CVCL_2972	KHM-1B	1
cellosaurus:CVCL_2974	KHM-3S	1
cellosaurus:CVCL_2093	Ki-JK	1
cellosaurus:CVCL_1329	KLE	5
cellosaurus:CVCL_1330	KM-H2	4
cellosaurus:CVCL_2977	KMBC-2	1
cellosaurus:CVCL_S641	KMH-2	1
cellosaurus:CVCL_2981	KMM-1	1
cellosaurus:CVCL_2983	KMRC-1	2
cellosaurus:CVCL_2984	KMRC-2	2
cellosaurus:CVCL_2986	KMRC-20	2
cellosaurus:CVCL_2985	KMRC-3	1
cellosaurus:CVCL_1334	KMS-12-BM	1
cellosaurus:CVCL_1333	KMS-12-PE	1
cellosaurus:CVCL_2990	KMS-20	1
cellosaurus:CVCL_2992	KMS-26	1
cellosaurus:CVCL_2993	KMS-27	1
cellosaurus:CVCL_2994	KMS-28BM	1
cellosaurus:CVCL_2995	KMS-28PE	1
cellosaurus:CVCL_0378	KNS-42	3
cellosaurus:CVCL_2798	KNS-60	1
cellosaurus:CVCL_1335	KNS-62	1
cellosaurus:CVCL_1321	KO52	2
cellosaurus:CVCL_3001	KON	1
cellosaurus:CVCL_1866	KOPN-8	1
cellosaurus:CVCL_1337	KOSC-2	1
cellosaurus:CVCL_5147	KP-PN-TTBm2	1
cellosaurus:CVCL_B412	KPD	1
cellosaurus:CVCL_5310	KPL-4	1
cellosaurus:CVCL_1343	KS-1 [Human glioblastoma]	1
cellosaurus:CVCL_D284	KS-1 [Human Krukenberg tumour]	1
cellosaurus:CVCL_1344	KU-19-19	1
cellosaurus:CVCL_5213	KU-19-20	1
cellosaurus:CVCL_1345	Kuramochi	3
cellosaurus:CVCL_1347	KYSE-140	2
cellosaurus:CVCL_1348	KYSE-150	3
cellosaurus:CVCL_1349	KYSE-180	2
cellosaurus:CVCL_1359	KYSE-220	1
cellosaurus:CVCL_1350	KYSE-270	2
cellosaurus:CVCL_1351	KYSE-30	4
cellosaurus:CVCL_1352	KYSE-410	2
cellosaurus:CVCL_1353	KYSE-450	2
cellosaurus:CVCL_1360	KYSE-50	1
cellosaurus:CVCL_1354	KYSE-510	2
cellosaurus:CVCL_1355	KYSE-520	2
cellosaurus:CVCL_1356	KYSE-70	2
cellosaurus:CVCL_2096	L-1236	3
cellosaurus:CVCL_1357	L-363	1
cellosaurus:CVCL_1362	L-540	3
cellosaurus:CVCL_2098	L-82	2
cellosaurus:CVCL_DF84	L56Br-C1	1
cellosaurus:CVCL_1829	LA-N-2	2
cellosaurus:CVCL_0389	LA-N-5	2
cellosaurus:CVCL_UE17	LASCPC-01	1
cellosaurus:CVCL_DI17	LAU-Me235	1
cellosaurus:CVCL_DI18	LAU-Me246.M1	2
cellosaurus:CVCL_S597	LAU-Me275	5
cellosaurus:CVCL_DI20	LAU-Me280.R.LN	2
cellosaurus:CVCL_DI21	LAU-T149D	2
cellosaurus:CVCL_DI22	LAU-T50B	3
cellosaurus:CVCL_DI23	LAU-T618A	2
cellosaurus:CVCL_1374	LC4-1	1
cellosaurus:CVCL_1375	LCLC-103H	4
cellosaurus:CVCL_1376	LCLC-97TM1	3
cellosaurus:CVCL_0390	LI90	1
cellosaurus:CVCL_DG01	LIM2045	1
cellosaurus:CVCL_M821	LiSa-2	1
cellosaurus:CVCL_1377	LK-2	3
cellosaurus:CVCL_W131	LK1 [Human ovarian carcinoma]	1
cellosaurus:CVCL_W132	LK2	1
cellosaurus:CVCL_5I00	LMS05	1
cellosaurus:CVCL_4849	LMSU	1
cellosaurus:CVCL_0392	LN-18	2
cellosaurus:CVCL_1378	LN-405	1
cellosaurus:CVCL_2581	LO68	1
cellosaurus:CVCL_F001	LoKe	1
cellosaurus:CVCL_2104	LOU-NH91	3
cellosaurus:CVCL_1380	Loucy	2
cellosaurus:CVCL_1381	LOX-IMVI	9
cellosaurus:CVCL_0012	LP-1	1
cellosaurus:CVCL_M823	LPS141	2
cellosaurus:CVCL_1382	LS1034	7
cellosaurus:CVCL_1383	LS123	3
cellosaurus:CVCL_DH87	LS14	1
cellosaurus:CVCL_1385	LS411N	3
cellosaurus:CVCL_1388	Lu-134-B	1
cellosaurus:CVCL_2582	LUDLU-1	2
cellosaurus:CVCL_1394	LXF 289	4
cellosaurus:CVCL_S807	M000907	1
cellosaurus:CVCL_S808	M000921	1
cellosaurus:CVCL_0400	M059J	1
cellosaurus:CVCL_0401	M059K	1
cellosaurus:CVCL_S680	M34	1
cellosaurus:CVCL_V744	M40	1
cellosaurus:CVCL_D035	M88	1
cellosaurus:CVCL_DI46	M950322	1
cellosaurus:CVCL_DI47	M950504	1
cellosaurus:CVCL_DI48	M961121	1
cellosaurus:CVCL_DI43	M970109	1
cellosaurus:CVCL_DI44	M970131	1
cellosaurus:CVCL_DI45	M970805	1
cellosaurus:CVCL_S678	M990802	1
cellosaurus:CVCL_A116	Ma-Mel-02	1
cellosaurus:CVCL_A118	Ma-Mel-05	1
cellosaurus:CVCL_A119	Ma-Mel-06	1
cellosaurus:CVCL_A121	Ma-Mel-08a	1
cellosaurus:CVCL_A123	Ma-Mel-10	1
cellosaurus:CVCL_A124	Ma-Mel-100a	1
cellosaurus:CVCL_A125	Ma-Mel-101	1
cellosaurus:CVCL_A127	Ma-Mel-103a	1
cellosaurus:CVCL_A131	Ma-Mel-107	1
cellosaurus:CVCL_A133	Ma-Mel-11	1
cellosaurus:CVCL_A134	Ma-Mel-110	1
cellosaurus:CVCL_A136	Ma-Mel-113	1
cellosaurus:CVCL_A137	Ma-Mel-114	1
cellosaurus:CVCL_A138	Ma-Mel-119	1
cellosaurus:CVCL_A139	Ma-Mel-12	1
cellosaurus:CVCL_A144	Ma-Mel-126	1
cellosaurus:CVCL_A145	Ma-Mel-128a	1
cellosaurus:CVCL_A146	Ma-Mel-13	1
cellosaurus:CVCL_A147	Ma-Mel-130	1
cellosaurus:CVCL_A148	Ma-Mel-134	1
cellosaurus:CVCL_A149	Ma-Mel-136	1
cellosaurus:CVCL_A152	Ma-Mel-150a	1
cellosaurus:CVCL_A155	Ma-Mel-17	1
cellosaurus:CVCL_A156	Ma-Mel-19	1
cellosaurus:CVCL_A158	Ma-Mel-21	1
cellosaurus:CVCL_A160	Ma-Mel-23	1
cellosaurus:CVCL_A162	Ma-Mel-26a	1
cellosaurus:CVCL_A163	Ma-Mel-27	1
cellosaurus:CVCL_A165	Ma-Mel-30	1
cellosaurus:CVCL_A167	Ma-Mel-32	1
cellosaurus:CVCL_A170	Ma-Mel-35	1
cellosaurus:CVCL_A171	Ma-Mel-36	4
cellosaurus:CVCL_A172	Ma-Mel-37a	1
cellosaurus:CVCL_A174	Ma-Mel-38	1
cellosaurus:CVCL_A175	Ma-Mel-39a	1
cellosaurus:CVCL_A176	Ma-Mel-40	1
cellosaurus:CVCL_A180	Ma-Mel-45a	1
cellosaurus:CVCL_A183	Ma-Mel-48a	1
cellosaurus:CVCL_N786	Ma-Mel-48b	1
cellosaurus:CVCL_N787	Ma-Mel-48c	1
cellosaurus:CVCL_A186	Ma-Mel-51	1
cellosaurus:CVCL_A188	Ma-Mel-53	1
cellosaurus:CVCL_A189	Ma-Mel-54a	1
cellosaurus:CVCL_C288	Ma-Mel-54b	1
cellosaurus:CVCL_A192	Ma-Mel-57	1
cellosaurus:CVCL_A193	Ma-Mel-58	1
cellosaurus:CVCL_A194	Ma-Mel-59a	1
cellosaurus:CVCL_A195	Ma-Mel-60	1
cellosaurus:CVCL_C291	Ma-Mel-61a	2
cellosaurus:CVCL_C292	Ma-Mel-61b	1
cellosaurus:CVCL_S666	Ma-Mel-61c	1
cellosaurus:CVCL_S667	Ma-Mel-61e	1
cellosaurus:CVCL_S669	Ma-Mel-61g	1
cellosaurus:CVCL_S670	Ma-Mel-61h	1
cellosaurus:CVCL_A197	Ma-Mel-62	1
cellosaurus:CVCL_A198	Ma-Mel-63a	1
cellosaurus:CVCL_A201	Ma-Mel-66a	1
cellosaurus:CVCL_A203	Ma-Mel-67	1
cellosaurus:CVCL_A205	Ma-Mel-69	1
cellosaurus:CVCL_A207	Ma-Mel-71	1
cellosaurus:CVCL_A208	Ma-Mel-73a	1
cellosaurus:CVCL_A211	Ma-Mel-75	1
cellosaurus:CVCL_A212	Ma-Mel-76	1
cellosaurus:CVCL_A214	Ma-Mel-79b	1
cellosaurus:CVCL_A215	Ma-Mel-80a	1
cellosaurus:CVCL_A220	Ma-Mel-85	1
cellosaurus:CVCL_A221	Ma-Mel-86a	2
cellosaurus:CVCL_A222	Ma-Mel-86b	1
cellosaurus:CVCL_A228	Ma-Mel-94	1
cellosaurus:CVCL_A229	Ma-Mel-95	1
cellosaurus:CVCL_A232	Ma-Mel-99	1
cellosaurus:CVCL_C505	Ma-Mel-KNUD	1
cellosaurus:CVCL_H631	Mac-1	1
cellosaurus:CVCL_1438	Malme-3M	14
cellosaurus:CVCL_0A72	MB-9812	1
cellosaurus:CVCL_1399	MC116	3
cellosaurus:CVCL_D709	MD901	1
cellosaurus:CVCL_D710	MD903	1
cellosaurus:CVCL_0617	MDA-MB-134-VI	8
cellosaurus:CVCL_0618	MDA-MB-157	10
cellosaurus:CVCL_1400	MDA-MB-175-VII	10
cellosaurus:CVCL_0619	MDA-MB-330	1
cellosaurus:CVCL_0621	MDA-MB-415	11
cellosaurus:CVCL_4747	MDA-PCa-2a	1
cellosaurus:CVCL_2588	MDST8	2
cellosaurus:CVCL_1870	MEC-1	3
cellosaurus:CVCL_1871	MEC-2	1
cellosaurus:CVCL_M137	MED-MEB-8A	1
cellosaurus:CVCL_A649	MedB-1	2
cellosaurus:CVCL_C501	Mel-LE	1
cellosaurus:CVCL_C503	Mel-SOE	1
cellosaurus:CVCL_DG36	MEL1	1
cellosaurus:CVCL_C301	Mel202	1
cellosaurus:CVCL_H668	Meso-10	1
cellosaurus:CVCL_H669	Meso-9	1
cellosaurus:CVCL_H677	Meso37	1
cellosaurus:CVCL_H681	Meso56	1
cellosaurus:CVCL_JY36	MFD-1	2
cellosaurus:CVCL_1405	MFE-280	3
cellosaurus:CVCL_1406	MFE-296	3
cellosaurus:CVCL_2112	MFE-319	3
cellosaurus:CVCL_1408	MFM-223	4
cellosaurus:CVCL_W085	MH [Human mesothelioma]	1
cellosaurus:CVCL_1409	MHH-CALL-2	1
cellosaurus:CVCL_0089	MHH-CALL-3	1
cellosaurus:CVCL_1410	MHH-CALL-4	1
cellosaurus:CVCL_1411	MHH-ES-1	1
cellosaurus:CVCL_7988	MHH-MED-1	1
cellosaurus:CVCL_1412	MHH-NB-11	1
cellosaurus:CVCL_1413	MHH-PREB-1	2
cellosaurus:CVCL_B426	MHM	1
cellosaurus:CVCL_1872	Mino	2
cellosaurus:CVCL_1414	MJ	3
cellosaurus:CVCL_1418	ML-2	3
cellosaurus:CVCL_1419	MLMA	1
cellosaurus:CVCL_2601	MM127	1
cellosaurus:CVCL_C836	MM200	1
cellosaurus:CVCL_C837	MM229	1
cellosaurus:CVCL_L791	MM26	2
cellosaurus:CVCL_DH59	MM266	1
cellosaurus:CVCL_C838	MM329	1
cellosaurus:CVCL_C839	MM369	1
cellosaurus:CVCL_2605	MM370	1
cellosaurus:CVCL_C840	MM384	1
cellosaurus:CVCL_2607	MM386	1
cellosaurus:CVCL_C841	MM396	1
cellosaurus:CVCL_C842	MM409	1
cellosaurus:CVCL_2608	MM415	1
cellosaurus:CVCL_2609	MM426	1
cellosaurus:CVCL_4449	MM466	1
cellosaurus:CVCL_C845	MM472	1
cellosaurus:CVCL_4450	MM473	1
cellosaurus:CVCL_2610	MM485	1
cellosaurus:CVCL_C846	MM488	1
cellosaurus:CVCL_4451	MM537	1
cellosaurus:CVCL_C847	MM540	1
cellosaurus:CVCL_C848	MM548	1
cellosaurus:CVCL_4452	MM595	1
cellosaurus:CVCL_2612	MM603	1
cellosaurus:CVCL_DG38	MM604	1
cellosaurus:CVCL_C850	MM622	1
cellosaurus:CVCL_C851	MM628	1
cellosaurus:CVCL_DH58	MM636	1
cellosaurus:CVCL_C852	MM647	1
cellosaurus:CVCL_A777	MM648	1
cellosaurus:CVCL_A776	MM649	1
cellosaurus:CVCL_2613	MOG-G-CCM	2
cellosaurus:CVCL_2614	MOG-G-UVW	2
cellosaurus:CVCL_2120	MOLM-16	1
cellosaurus:CVCL_2122	MOLM-6	1
cellosaurus:CVCL_2124	MOLP-8	1
cellosaurus:CVCL_1422	MOLT-13	1
cellosaurus:CVCL_1423	MOLT-14	1
cellosaurus:CVCL_1424	MOLT-16	3
cellosaurus:CVCL_1425	Mono-Mac-1	2
cellosaurus:CVCL_1426	Mono-Mac-6	1
cellosaurus:CVCL_2127	MOTN-1	1
cellosaurus:CVCL_1427	MPP 89	1
cellosaurus:CVCL_1428	MRK-nu-1	1
cellosaurus:CVCL_1429	MS-1 [Human lung carcinoma]	1
cellosaurus:CVCL_4996	MS751	2
cellosaurus:CVCL_1430	MSTO-211H	3
cellosaurus:CVCL_M516	MT3	2
cellosaurus:CVCL_1873	MUTZ-5	1
cellosaurus:CVCL_U799	MW [Human melanoma]	1
cellosaurus:CVCL_0091	NALM-1	3
cellosaurus:CVCL_1835	NALM-19	1
cellosaurus:CVCL_3041	NB(TU)1	1
cellosaurus:CVCL_1440	NB1	3
cellosaurus:CVCL_B323	NB16	2
cellosaurus:CVCL_1448	NB69	3
cellosaurus:CVCL_3055	NCC-StC-K140	1
cellosaurus:CVCL_1453	NCI-H1048	6
cellosaurus:CVCL_1454	NCI-H1092	3
cellosaurus:CVCL_1455	NCI-H1105	1
cellosaurus:CVCL_1456	NCI-H1155	6
cellosaurus:CVCL_1457	NCI-H1173	1
cellosaurus:CVCL_1458	NCI-H1184	1
cellosaurus:CVCL_1460	NCI-H128	1
cellosaurus:CVCL_1463	NCI-H1341	2
cellosaurus:CVCL_1464	NCI-H1355	5
cellosaurus:CVCL_1465	NCI-H1373	1
cellosaurus:CVCL_1466	NCI-H1385	1
cellosaurus:CVCL_1467	NCI-H1395	8
cellosaurus:CVCL_1468	NCI-H1404	2
cellosaurus:CVCL_1469	NCI-H1417	3
cellosaurus:CVCL_1470	NCI-H1435	2
cellosaurus:CVCL_1471	NCI-H1436	3
cellosaurus:CVCL_1472	NCI-H1437	8
cellosaurus:CVCL_1473	NCI-H146	8
cellosaurus:CVCL_1474	NCI-H1522	1
cellosaurus:CVCL_1475	NCI-H1563	6
cellosaurus:CVCL_1476	NCI-H1568	6
cellosaurus:CVCL_1478	NCI-H1573	4
cellosaurus:CVCL_1479	NCI-H1581	4
cellosaurus:CVCL_1480	NCI-H1618	3
cellosaurus:CVCL_1481	NCI-H1623	7
cellosaurus:CVCL_1482	NCI-H1648	3
cellosaurus:CVCL_1484	NCI-H1651	6
cellosaurus:CVCL_1485	NCI-H1666	5
cellosaurus:CVCL_1487	NCI-H1688	2
cellosaurus:CVCL_1488	NCI-H1693	5
cellosaurus:CVCL_1489	NCI-H1694	3
cellosaurus:CVCL_1490	NCI-H1703	6
cellosaurus:CVCL_1491	NCI-H1734	5
cellosaurus:CVCL_1493	NCI-H1770	3
cellosaurus:CVCL_1495	NCI-H1792	7
cellosaurus:CVCL_1496	NCI-H1793	7
cellosaurus:CVCL_1497	NCI-H1819	2
cellosaurus:CVCL_1498	NCI-H1836	2
cellosaurus:CVCL_1499	NCI-H1838	7
cellosaurus:CVCL_1500	NCI-H1869	2
cellosaurus:CVCL_1501	NCI-H187	8
cellosaurus:CVCL_1503	NCI-H1876	2
cellosaurus:CVCL_1505	NCI-H1915	3
cellosaurus:CVCL_1507	NCI-H1930	3
cellosaurus:CVCL_1508	NCI-H1944	5
cellosaurus:CVCL_1509	NCI-H196	6
cellosaurus:CVCL_1510	NCI-H1963	3
cellosaurus:CVCL_1512	NCI-H1993	6
cellosaurus:CVCL_1515	NCI-H2023	5
cellosaurus:CVCL_1516	NCI-H2029	1
cellosaurus:CVCL_1518	NCI-H2052	5
cellosaurus:CVCL_1520	NCI-H2066	2
cellosaurus:CVCL_1521	NCI-H2073	3
cellosaurus:CVCL_5157	NCI-H2077	1
cellosaurus:CVCL_1522	NCI-H2081	4
cellosaurus:CVCL_1523	NCI-H2085	5
cellosaurus:CVCL_1526	NCI-H2106	1
cellosaurus:CVCL_1527	NCI-H2107	2
cellosaurus:CVCL_1529	NCI-H211	5
cellosaurus:CVCL_1530	NCI-H2110	2
cellosaurus:CVCL_1531	NCI-H2122	9
cellosaurus:CVCL_1532	NCI-H2126	8
cellosaurus:CVCL_1533	NCI-H2135	1
cellosaurus:CVCL_1534	NCI-H2141	1
cellosaurus:CVCL_1535	NCI-H2170	7
cellosaurus:CVCL_1536	NCI-H2171	4
cellosaurus:CVCL_1537	NCI-H2172	3
cellosaurus:CVCL_1538	NCI-H2195	2
cellosaurus:CVCL_1539	NCI-H2196	2
cellosaurus:CVCL_1540	NCI-H2198	1
cellosaurus:CVCL_1542	NCI-H2227	1
cellosaurus:CVCL_1545	NCI-H2286	3
cellosaurus:CVCL_1546	NCI-H2291	3
cellosaurus:CVCL_1548	NCI-H2330	1
cellosaurus:CVCL_1549	NCI-H2342	4
cellosaurus:CVCL_1550	NCI-H2347	11
cellosaurus:CVCL_A533	NCI-H2373	1
cellosaurus:CVCL_1551	NCI-H2405	3
cellosaurus:CVCL_1552	NCI-H2444	2
cellosaurus:CVCL_1553	NCI-H2452	3
cellosaurus:CVCL_1555	NCI-H28	3
cellosaurus:CVCL_5158	NCI-H2882	1
cellosaurus:CVCL_5159	NCI-H2887	1
cellosaurus:CVCL_1558	NCI-H345	3
cellosaurus:CVCL_1560	NCI-H378	2
cellosaurus:CVCL_1563	NCI-H498	2
cellosaurus:CVCL_1565	NCI-H510A	3
cellosaurus:CVCL_1566	NCI-H520	8
cellosaurus:CVCL_1567	NCI-H522	17
cellosaurus:CVCL_1569	NCI-H526	6
cellosaurus:CVCL_1571	NCI-H596	5
cellosaurus:CVCL_A578	NCI-H620	1
cellosaurus:CVCL_1574	NCI-H647	6
cellosaurus:CVCL_1576	NCI-H660	5
cellosaurus:CVCL_1577	NCI-H661	6
cellosaurus:CVCL_A580	NCI-H678	1
cellosaurus:CVCL_1580	NCI-H711	3
cellosaurus:CVCL_1581	NCI-H716	5
cellosaurus:CVCL_1583	NCI-H720	2
cellosaurus:CVCL_1584	NCI-H727	5
cellosaurus:CVCL_1585	NCI-H735	1
cellosaurus:CVCL_1587	NCI-H747	5
cellosaurus:CVCL_1588	NCI-H748	4
cellosaurus:CVCL_A583	NCI-H792	1
cellosaurus:CVCL_1590	NCI-H810	4
cellosaurus:CVCL_1592	NCI-H820	2
cellosaurus:CVCL_1595	NCI-H841	3
cellosaurus:CVCL_1598	NCI-H889	5
cellosaurus:CVCL_1599	NCI-H920	2
cellosaurus:CVCL_1601	NCI-H969	2
cellosaurus:CVCL_3043	NCO2	1
cellosaurus:CVCL_1605	NH-12	2
cellosaurus:CVCL_1606	NH-6	1
cellosaurus:CVCL_8461	NK-YS	1
cellosaurus:CVCL_1608	NMC-G1	2
cellosaurus:CVCL_2658	NO36	1
cellosaurus:CVCL_1876	NU-DHL-1	1
cellosaurus:CVCL_1877	NU-DUL-1	1
cellosaurus:CVCL_1611	NUGC-2	1
cellosaurus:CVCL_1613	NY	1
cellosaurus:CVCL_W083	O24B	1
cellosaurus:CVCL_1617	OC 315	1
cellosaurus:CVCL_1844	OCI-AML-3	2
cellosaurus:CVCL_1620	OCI-AML-5	1
cellosaurus:CVCL_DH02	OCI-C1p	1
cellosaurus:CVCL_DH03	OCI-C2p	1
cellosaurus:CVCL_DH04	OCI-C3x	1
cellosaurus:CVCL_DH06	OCI-C5x	1
cellosaurus:CVCL_DH08	OCI-D1p	1
cellosaurus:CVCL_DH09	OCI-E1p	1
cellosaurus:CVCL_DH11	OCI-E3x	1
cellosaurus:CVCL_DH12	OCI-EP1p	1
cellosaurus:CVCL_1879	OCI-Ly1	2
cellosaurus:CVCL_8795	OCI-Ly10	3
cellosaurus:CVCL_1880	OCI-Ly18	1
cellosaurus:CVCL_1878	OCI-Ly19	2
cellosaurus:CVCL_8799	OCI-Ly2	1
cellosaurus:CVCL_8800	OCI-Ly3	3
cellosaurus:CVCL_8801	OCI-Ly4	1
cellosaurus:CVCL_1881	OCI-Ly7	2
cellosaurus:CVCL_8803	OCI-Ly8	2
cellosaurus:CVCL_2149	OCI-M1	1
cellosaurus:CVCL_DH13	OCI-M1p	1
cellosaurus:CVCL_DH14	OCI-P1a	1
cellosaurus:CVCL_DH15	OCI-P2a	1
cellosaurus:CVCL_DH17	OCI-P4p	1
cellosaurus:CVCL_DH18	OCI-P5x	1
cellosaurus:CVCL_DH20	OCI-P7a	1
cellosaurus:CVCL_DH24	OCI-U1a	1
cellosaurus:CVCL_3084	OCUM-1	2
cellosaurus:CVCL_1622	OE19	14
cellosaurus:CVCL_2661	OE21	4
cellosaurus:CVCL_0471	OE33	4
cellosaurus:CVCL_A662	OHN-GM	1
cellosaurus:CVCL_F504	OLD1612	1
cellosaurus:CVCL_2671	ONE58	1
cellosaurus:CVCL_1626	OS-RC-2	1
cellosaurus:CVCL_3087	OSC-20	1
cellosaurus:CVCL_3088	OUMS-23	2
cellosaurus:CVCL_3090	OUMS-27	1
cellosaurus:CVCL_4004	OV-MZ-15	1
cellosaurus:CVCL_DH78	OV-TRL-12B	1
cellosaurus:CVCL_DH79	OV-TRL-90T	1
cellosaurus:CVCL_2673	OV56	1
cellosaurus:CVCL_2675	OV7	1
cellosaurus:CVCL_DH80	OVCA-X	1
cellosaurus:CVCL_4377	OVCAR-10	3
cellosaurus:CVCL_1627	OVCAR-4	14
cellosaurus:CVCL_DG79	OVCAR-7	2
cellosaurus:CVCL_3110	OVKATE	1
cellosaurus:CVCL_3111	OVMANA	3
cellosaurus:CVCL_3114	OVSAHO	2
cellosaurus:CVCL_3117	OVTOKO	4
cellosaurus:CVCL_M710	OZ [Human diffuse large B-cell lymphoma]	2
cellosaurus:CVCL_L298	P-STS	1
cellosaurus:CVCL_1630	P12-Ichikawa	1
cellosaurus:CVCL_1631	P30/OHK	1
cellosaurus:CVCL_1632	P31/FUJ	2
cellosaurus:CVCL_3119	P32/ISH	2
cellosaurus:CVCL_1633	Panc 02.03	1
cellosaurus:CVCL_1634	Panc 02.13	1
cellosaurus:CVCL_1635	Panc 03.27	2
cellosaurus:CVCL_1637	Panc 05.04	1
cellosaurus:CVCL_1638	Panc 08.13	3
cellosaurus:CVCL_1639	Panc 10.05	2
cellosaurus:CVCL_4012	PancTu-I	1
cellosaurus:CVCL_1845	PaTu 8902	1
cellosaurus:CVCL_1846	PaTu 8988s	1
cellosaurus:CVCL_1847	PaTu 8988t	4
cellosaurus:CVCL_S982	PC-3 [Human lung carcinoma]	1
cellosaurus:CVCL_C171	PCI-04B	1
cellosaurus:CVCL_4666	PCM6	1
cellosaurus:CVCL_2678	PE/CA-PJ15	2
cellosaurus:CVCL_2679	PE/CA-PJ34 (clone C12)	1
cellosaurus:CVCL_2680	PE/CA-PJ41 (clone D2)	1
cellosaurus:CVCL_2681	PE/CA-PJ49	1
cellosaurus:CVCL_2682	PEA1	2
cellosaurus:CVCL_2683	PEA2	1
cellosaurus:CVCL_2687	PEO14	2
cellosaurus:CVCL_2689	PEO23	1
cellosaurus:CVCL_2690	PEO4	4
cellosaurus:CVCL_2691	PEO6	2
cellosaurus:CVCL_6748	PK-45H	1
cellosaurus:CVCL_2161	PL-21	1
cellosaurus:CVCL_M704	PL-29018	1
cellosaurus:CVCL_3567	PL45	1
cellosaurus:CVCL_DH43	PR1 [Human diffuse large B-cell lymphoma]	1
cellosaurus:CVCL_3143	QGP-1	2
cellosaurus:CVCL_1883	RC-K8	1
cellosaurus:CVCL_1647	RCC10RGB	1
cellosaurus:CVCL_1648	RCM-1 [Human rectal adenocarcinoma]	2
cellosaurus:CVCL_1884	REC-1	4
cellosaurus:CVCL_3152	RERF-GC-1B	2
cellosaurus:CVCL_1651	RERF-LC-Ad1	1
cellosaurus:CVCL_1652	RERF-LC-Ad2	2
cellosaurus:CVCL_1655	RERF-LC-MS	2
cellosaurus:CVCL_DG03	Res186	2
cellosaurus:CVCL_DG09	Res256	1
cellosaurus:CVCL_DG10	Res259	2
cellosaurus:CVCL_M599	Rh36	2
cellosaurus:CVCL_1885	Ri-1	3
cellosaurus:CVCL_3156	RKN	2
cellosaurus:CVCL_1660	RL	6
cellosaurus:CVCL_0505	RL95-2	5
cellosaurus:CVCL_9714	RM-82	1
cellosaurus:CVCL_2803	RMG-II	1
cellosaurus:CVCL_W527	RMS	6
cellosaurus:CVCL_3158	RMUG-S	1
cellosaurus:CVCL_1887	ROS-50	1
cellosaurus:CVCL_1666	RPMI-7951	2
cellosaurus:CVCL_4373	RWP-1	1
cellosaurus:CVCL_1673	RXF 393L	6
cellosaurus:CVCL_1674	S-117	1
cellosaurus:CVCL_8063	Sa3	1
cellosaurus:CVCL_3160	SAT [Human HNSCC]	1
cellosaurus:CVCL_1676	SBC-1	1
cellosaurus:CVCL_W531	SBC-2 [Human SCLC]	1
cellosaurus:CVCL_A479	SBC-4	1
cellosaurus:CVCL_1679	SBC-5	3
cellosaurus:CVCL_DH97	SBC-6	1
cellosaurus:CVCL_W530	SBC-7 [Human SCLC]	1
cellosaurus:CVCL_DH98	SBC-9A	1
cellosaurus:CVCL_D732	SBcl2	2
cellosaurus:CVCL_1888	Sc-1	4
cellosaurus:CVCL_3599	SCaBER	3
cellosaurus:CVCL_1683	SCC-3	1
cellosaurus:CVCL_1684	SCC-4	3
cellosaurus:CVCL_1685	SCC-9	2
cellosaurus:CVCL_1687	SCH	2
cellosaurus:CVCL_2186	SCLC-22H	1
cellosaurus:CVCL_7123	SCMC-ES1	1
cellosaurus:CVCL_5921	SCMC-N2	2
cellosaurus:CVCL_5923	SCMC-N4	2
cellosaurus:CVCL_5924	SCMC-N5	2
cellosaurus:CVCL_M646	Seraphina	1
cellosaurus:CVCL_2187	SET-2	1
cellosaurus:CVCL_1688	SF126	1
cellosaurus:CVCL_1689	SF268	11
cellosaurus:CVCL_5167	SH-10-TC	1
cellosaurus:CVCL_1692	SH-4	3
cellosaurus:CVCL_1693	SHP-77	5
cellosaurus:CVCL_1694	SIG-M5	1
cellosaurus:CVCL_5168	SJES-1	1
cellosaurus:CVCL_5169	SJES-2	1
cellosaurus:CVCL_5170	SJES-3	1
cellosaurus:CVCL_5171	SJES-5	1
cellosaurus:CVCL_5172	SJES-6	1
cellosaurus:CVCL_5173	SJES-7	1
cellosaurus:CVCL_5174	SJES-8	1
cellosaurus:CVCL_8812	SJNB-1	2
cellosaurus:CVCL_8818	SJNB-2	2
cellosaurus:CVCL_8820	SJNB-3	2
cellosaurus:CVCL_8821	SJNB-4	2
cellosaurus:CVCL_8822	SJNB-5	2
cellosaurus:CVCL_8823	SJNB-6	2
cellosaurus:CVCL_8824	SJNB-7	2
cellosaurus:CVCL_8825	SJNB-8	2
cellosaurus:CVCL_5218	SK-BR-7	1
cellosaurus:CVCL_0626	SK-CO-1	4
cellosaurus:CVCL_0627	SK-ES-1	6
cellosaurus:CVCL_5462	SK-LC-13	1
cellosaurus:CVCL_5466	SK-LC-17	1
cellosaurus:CVCL_5471	SK-LC-3	1
cellosaurus:CVCL_0068	SK-MEL-1	5
cellosaurus:CVCL_6067	SK-MEL-100	2
cellosaurus:CVCL_6069	SK-MEL-103	2
cellosaurus:CVCL_6070	SK-MEL-105	1
cellosaurus:CVCL_6073	SK-MEL-109	1
cellosaurus:CVCL_D702	SK-MEL-11	1
cellosaurus:CVCL_6074	SK-MEL-113	1
cellosaurus:CVCL_6076	SK-MEL-118	1
cellosaurus:CVCL_6021	SK-MEL-12	1
cellosaurus:CVCL_6080	SK-MEL-130	1
cellosaurus:CVCL_3876	SK-MEL-147	1
cellosaurus:CVCL_6090	SK-MEL-173	2
cellosaurus:CVCL_6093	SK-MEL-178	1
cellosaurus:CVCL_6097	SK-MEL-187	2
cellosaurus:CVCL_6025	SK-MEL-19	3
cellosaurus:CVCL_6101	SK-MEL-192	1
cellosaurus:CVCL_6102	SK-MEL-196	1
cellosaurus:CVCL_8082	SK-MEL-197	1
cellosaurus:CVCL_6104	SK-MEL-199	2
cellosaurus:CVCL_6105	SK-MEL-200	1
cellosaurus:CVCL_6109	SK-MEL-208	1
cellosaurus:CVCL_6111	SK-MEL-217	1
cellosaurus:CVCL_6026	SK-MEL-22	1
cellosaurus:CVCL_6121	SK-MEL-238	1
cellosaurus:CVCL_6122	SK-MEL-239	1
cellosaurus:CVCL_0599	SK-MEL-24	2
cellosaurus:CVCL_0039	SK-MEL-30	2
cellosaurus:CVCL_0600	SK-MEL-31	2
cellosaurus:CVCL_6224	SK-MEL-85	2
cellosaurus:CVCL_3880	SK-MEL-94	1
cellosaurus:CVCL_1699	SK-MM-2	1
cellosaurus:CVCL_1701	SK-N-DZ	3
cellosaurus:CVCL_1702	SK-N-FI	5
cellosaurus:CVCL_4569	SK-N-LO	1
cellosaurus:CVCL_S664	SK-N-PI	1
cellosaurus:CVCL_0631	SK-NEP-1	3
cellosaurus:CVCL_4019	SK-RC-29	1
cellosaurus:CVCL_6186	SK-RC-31	1
cellosaurus:CVCL_6189	SK-RC-38	1
cellosaurus:CVCL_6192	SK-RC-42	1
cellosaurus:CVCL_6198	SK-RC-52	1
cellosaurus:CVCL_2795	SKG-IIIb	1
cellosaurus:CVCL_S607	SKK-1	1
cellosaurus:CVCL_3167	SKN	1
cellosaurus:CVCL_3168	SKN-3	1
cellosaurus:CVCL_V607	SLR21	1
cellosaurus:CVCL_V608	SLR22	1
cellosaurus:CVCL_V609	SLR23	1
cellosaurus:CVCL_V611	SLR25	1
cellosaurus:CVCL_V612	SLR26	2
cellosaurus:CVCL_1706	SNB-75	8
cellosaurus:CVCL_1707	SNG-M	2
cellosaurus:CVCL_A673	SNK-6	1
cellosaurus:CVCL_A677	SNT-8	1
cellosaurus:CVCL_5003	SNU-1040	1
cellosaurus:CVCL_5006	SNU-1076	1
cellosaurus:CVCL_5007	SNU-1077	1
cellosaurus:CVCL_5008	SNU-1079	1
cellosaurus:CVCL_5010	SNU-1105	1
cellosaurus:CVCL_5014	SNU-119	1
cellosaurus:CVCL_5016	SNU-1197	1
cellosaurus:CVCL_5017	SNU-1214	1
cellosaurus:CVCL_8788	SNU-1272	1
cellosaurus:CVCL_5031	SNU-175	1
cellosaurus:CVCL_0090	SNU-182	5
cellosaurus:CVCL_5033	SNU-201	1
cellosaurus:CVCL_5034	SNU-213	1
cellosaurus:CVCL_3946	SNU-216	1
cellosaurus:CVCL_5038	SNU-245	1
cellosaurus:CVCL_5044	SNU-283	1
cellosaurus:CVCL_5048	SNU-308	1
cellosaurus:CVCL_5051	SNU-324	1
cellosaurus:CVCL_5054	SNU-349	1
cellosaurus:CVCL_0250	SNU-387	5
cellosaurus:CVCL_0077	SNU-398	6
cellosaurus:CVCL_5058	SNU-407	1
cellosaurus:CVCL_5059	SNU-410	1
cellosaurus:CVCL_0366	SNU-423	4
cellosaurus:CVCL_0454	SNU-449	5
cellosaurus:CVCL_5063	SNU-46	1
cellosaurus:CVCL_5064	SNU-466	1
cellosaurus:CVCL_0497	SNU-475	5
cellosaurus:CVCL_5065	SNU-478	1
cellosaurus:CVCL_5069	SNU-489	1
cellosaurus:CVCL_0078	SNU-5	11
cellosaurus:CVCL_5071	SNU-503	1
cellosaurus:CVCL_5072	SNU-520	1
cellosaurus:CVCL_5078	SNU-61	1
cellosaurus:CVCL_5080	SNU-626	1
cellosaurus:CVCL_5083	SNU-685	1
cellosaurus:CVCL_5087	SNU-738	1
cellosaurus:CVCL_5089	SNU-761	1
cellosaurus:CVCL_5096	SNU-8	1
cellosaurus:CVCL_5098	SNU-81	1
cellosaurus:CVCL_5100	SNU-840	1
cellosaurus:CVCL_5102	SNU-878	1
cellosaurus:CVCL_5103	SNU-886	1
cellosaurus:CVCL_1708	SNU-C1	1
cellosaurus:CVCL_1709	SNU-C2A	1
cellosaurus:CVCL_5111	SNU-C4	1
cellosaurus:CVCL_8900	SNU-NCC-59	1
cellosaurus:CVCL_D022	SP-49	1
cellosaurus:CVCL_4900	Sq-1	1
cellosaurus:CVCL_1711	SR	12
cellosaurus:CVCL_1712	ST486	3
cellosaurus:CVCL_9681	STA-ET-1	1
cellosaurus:CVCL_9682	STA-ET-10	1
cellosaurus:CVCL_9686	STA-ET-2.1	1
cellosaurus:CVCL_A451	STA-NB-13	1
cellosaurus:CVCL_A452	STA-NB-15	1
cellosaurus:CVCL_9888	STA-NB-3	1
cellosaurus:CVCL_9889	STA-NB-4	1
cellosaurus:CVCL_9892	STA-NB-7	1
cellosaurus:CVCL_9893	STA-NB-8	1
cellosaurus:CVCL_S993	STY51	1
cellosaurus:CVCL_0538	SU-DHL-1	2
cellosaurus:CVCL_1889	SU-DHL-10	5
cellosaurus:CVCL_1890	SU-DHL-16	2
cellosaurus:CVCL_1735	SU-DHL-5	5
cellosaurus:CVCL_2206	SU-DHL-6	6
cellosaurus:CVCL_4380	SU-DHL-7	1
cellosaurus:CVCL_3881	SU.86.86	2
cellosaurus:CVCL_W082	SU511	1
cellosaurus:CVCL_3421	SUM102PT	2
cellosaurus:CVCL_5589	SUM1315MO2	1
cellosaurus:CVCL_3423	SUM190PT	2
cellosaurus:CVCL_3424	SUM44PE	4
cellosaurus:CVCL_2208	SUP-HD1	2
cellosaurus:CVCL_2210	SUP-T11	1
cellosaurus:CVCL_1715	SW1088	3
cellosaurus:CVCL_0544	SW1116	7
cellosaurus:CVCL_1716	SW1271	4
cellosaurus:CVCL_0543	SW1353	3
cellosaurus:CVCL_1717	SW1417	6
cellosaurus:CVCL_1718	SW1463	6
cellosaurus:CVCL_1719	SW156	2
cellosaurus:CVCL_1721	SW1710	3
cellosaurus:CVCL_1722	SW1783	3
cellosaurus:CVCL_0545	SW403	5
cellosaurus:CVCL_1725	SW626	4
cellosaurus:CVCL_1726	SW684	4
cellosaurus:CVCL_1727	SW756	4
cellosaurus:CVCL_1729	SW837	7
cellosaurus:CVCL_1730	SW872	5
cellosaurus:CVCL_1731	SW900	6
cellosaurus:CVCL_0632	SW948	6
cellosaurus:CVCL_1732	SW954	2
cellosaurus:CVCL_1733	SW962	2
cellosaurus:CVCL_1734	SW982	2
cellosaurus:CVCL_7146	SYO-1	1
cellosaurus:CVCL_3174	T.T	4
cellosaurus:CVCL_3175	T.Tn	1
cellosaurus:CVCL_4056	T3M-4	1
cellosaurus:CVCL_1736	TALL-1 [Human adult T-ALL]	2
cellosaurus:CVCL_3177	TASK1	1
cellosaurus:CVCL_7151	TC-32	1
cellosaurus:CVCL_M839	TCO-1 [Human thyroid carcinoma]	1
cellosaurus:CVCL_1751	TE 381.T	2
cellosaurus:CVCL_1754	TE 441.T	1
cellosaurus:CVCL_1755	TE 617.T	1
cellosaurus:CVCL_1759	TE-1	2
cellosaurus:CVCL_1760	TE-10	1
cellosaurus:CVCL_1761	TE-11	1
cellosaurus:CVCL_3336	TE-14	1
cellosaurus:CVCL_1763	TE-15	1
cellosaurus:CVCL_4455	TE-2	1
cellosaurus:CVCL_9971	TE-3	1
cellosaurus:CVCL_3337	TE-4	1
cellosaurus:CVCL_1764	TE-5	1
cellosaurus:CVCL_9972	TE-7	2
cellosaurus:CVCL_1766	TE-8	1
cellosaurus:CVCL_1767	TE-9	1
cellosaurus:CVCL_1768	TGBC11TKB	1
cellosaurus:CVCL_3216	TK [Human B-cell lymphoma]	1
cellosaurus:CVCL_1773	TK-10	8
cellosaurus:CVCL_6735	TM-31	1
cellosaurus:CVCL_A442	TMD8	1
cellosaurus:CVCL_3611	Toledo	5
cellosaurus:CVCL_3613	TOV-21G	8
cellosaurus:CVCL_B476	TR175	1
cellosaurus:CVCL_1774	TT	1
cellosaurus:CVCL_2218	TT2609-C02	1
cellosaurus:CVCL_A444	TTC-466	1
cellosaurus:CVCL_5952	TUHR10TKB	1
cellosaurus:CVCL_5953	TUHR14TKB	1
cellosaurus:CVCL_5957	TUHR4TKB	1
cellosaurus:CVCL_DG42	TY-1	3
cellosaurus:CVCL_1896	U-2932	1
cellosaurus:CVCL_1897	U-2940	1
cellosaurus:CVCL_IR56	U3002MG	1
cellosaurus:CVCL_IR57	U3004MG	1
cellosaurus:CVCL_IR58	U3005MG	1
cellosaurus:CVCL_IR59	U3008MG	1
cellosaurus:CVCL_IR60	U3009MG	1
cellosaurus:CVCL_IR61	U3013MG	1
cellosaurus:CVCL_IR62	U3016MG	1
cellosaurus:CVCL_IR63	U3017MG	2
cellosaurus:CVCL_IR64	U3019MG	1
cellosaurus:CVCL_IR65	U3020MG	1
cellosaurus:CVCL_IR66	U3021MG	1
cellosaurus:CVCL_IR67	U3024MG	1
cellosaurus:CVCL_IR68	U3027MG	1
cellosaurus:CVCL_IR69	U3028MG	1
cellosaurus:CVCL_IR70	U3029MG	1
cellosaurus:CVCL_IR71	U3031MG	1
cellosaurus:CVCL_IR72	U3033MG	1
cellosaurus:CVCL_IR73	U3034MG	1
cellosaurus:CVCL_IR74	U3035MG	1
cellosaurus:CVCL_IR75	U3037MG	1
cellosaurus:CVCL_IR76	U3039MG	1
cellosaurus:CVCL_IR77	U3042MG	1
cellosaurus:CVCL_IR78	U3046MG	1
cellosaurus:CVCL_IR79	U3047MG	1
cellosaurus:CVCL_IR80	U3048MG	1
cellosaurus:CVCL_IR81	U3051MG	1
cellosaurus:CVCL_IR82	U3053MG	1
cellosaurus:CVCL_IR83	U3054MG	1
cellosaurus:CVCL_IR84	U3056MG	1
cellosaurus:CVCL_IR85	U3060MG	1
cellosaurus:CVCL_IR86	U3062MG	1
cellosaurus:CVCL_IR87	U3065MG	2
cellosaurus:CVCL_IR88	U3067MG	1
cellosaurus:CVCL_IR90	U3071MG	1
cellosaurus:CVCL_IR91	U3073MG	1
cellosaurus:CVCL_IR92	U3078MG	1
cellosaurus:CVCL_IR93	U3082MG	1
cellosaurus:CVCL_IR94	U3084MG	1
cellosaurus:CVCL_IR95	U3085MG	1
cellosaurus:CVCL_IR96	U3086MG	1
cellosaurus:CVCL_IR97	U3088MG	1
cellosaurus:CVCL_IR98	U3101MG	1
cellosaurus:CVCL_IR99	U3110MG	1
cellosaurus:CVCL_IS00	U3117MG	2
cellosaurus:CVCL_IS01	U3118MG	2
cellosaurus:CVCL_IS02	U3121MG	2
cellosaurus:CVCL_IS03	U3123MG	1
cellosaurus:CVCL_IS04	U3129MG	1
cellosaurus:CVCL_1779	UACC-257	12
cellosaurus:CVCL_4042	UACC-3199	1
cellosaurus:CVCL_1781	UACC-812	12
cellosaurus:CVCL_1782	UACC-893	10
cellosaurus:CVCL_5381	UCI 107	1
cellosaurus:CVCL_E325	UD-SCC-2	1
cellosaurus:CVCL_2739	UM-RC-2	2
cellosaurus:CVCL_2741	UM-RC-6	2
cellosaurus:CVCL_7711	UM-SCC-103	1
cellosaurus:CVCL_7712	UM-SCC-104	1
cellosaurus:CVCL_0C69	UM-SCC-105	1
cellosaurus:CVCL_0C71	UM-SCC-108	1
cellosaurus:CVCL_7713	UM-SCC-10A	1
cellosaurus:CVCL_0C73	UM-SCC-110	1
cellosaurus:CVCL_7715	UM-SCC-11A	1
cellosaurus:CVCL_7717	UM-SCC-12	1
cellosaurus:CVCL_7719	UM-SCC-14A	1
cellosaurus:CVCL_7725	UM-SCC-17B	1
cellosaurus:CVCL_7727	UM-SCC-19	1
cellosaurus:CVCL_7733	UM-SCC-23	1
cellosaurus:CVCL_7735	UM-SCC-25	1
cellosaurus:CVCL_7738	UM-SCC-28	1
cellosaurus:CVCL_7739	UM-SCC-29	1
cellosaurus:CVCL_7753	UM-SCC-41	1
cellosaurus:CVCL_7755	UM-SCC-43	1
cellosaurus:CVCL_7758	UM-SCC-46	1
cellosaurus:CVCL_7759	UM-SCC-47	1
cellosaurus:CVCL_7761	UM-SCC-49	1
cellosaurus:CVCL_7768	UM-SCC-55	1
cellosaurus:CVCL_7770	UM-SCC-57	1
cellosaurus:CVCL_7772	UM-SCC-59	1
cellosaurus:CVCL_7775	UM-SCC-69	1
cellosaurus:CVCL_7781	UM-SCC-8	1
cellosaurus:CVCL_7783	UM-SCC-81A	1
cellosaurus:CVCL_7784	UM-SCC-81B	1
cellosaurus:CVCL_7788	UM-SCC-85	1
cellosaurus:CVCL_7796	UM-SCC-92	1
cellosaurus:CVCL_7801	UM-SCC-97	1
cellosaurus:CVCL_2743	UM-UC-1	1
cellosaurus:CVCL_1784	UMC-11	2
cellosaurus:CVCL_1911	UO-31	8
cellosaurus:CVCL_A480	UoC-M1	1
cellosaurus:CVCL_A795	UPN1	1
cellosaurus:CVCL_A796	UPN2	1
cellosaurus:CVCL_DG78	UPN251	2
cellosaurus:CVCL_7811	UT-SCC-15	1
cellosaurus:CVCL_7814	UT-SCC-17	1
cellosaurus:CVCL_7820	UT-SCC-2	1
cellosaurus:CVCL_7825	UT-SCC-23	1
cellosaurus:CVCL_7828	UT-SCC-25	1
cellosaurus:CVCL_7833	UT-SCC-29	1
cellosaurus:CVCL_7855	UT-SCC-47	1
cellosaurus:CVCL_DH85	UTP-ES1	1
cellosaurus:CVCL_DF75	UTP-N-1	2
cellosaurus:CVCL_DH81	UW402	1
cellosaurus:CVCL_DG15	UW479	2
cellosaurus:CVCL_5393	VACO 10MS	1
cellosaurus:CVCL_8631	VACO 394	1
cellosaurus:CVCL_5400	VACO 400	1
cellosaurus:CVCL_8632	VACO 410	1
cellosaurus:CVCL_5401	VACO 429	1
cellosaurus:CVCL_5404	VACO 456	1
cellosaurus:CVCL_8641	VACO 503	1
cellosaurus:CVCL_DG24	VACO 531	1
cellosaurus:CVCL_5408	VACO 576	1
cellosaurus:CVCL_5412	VACO 9M	1
cellosaurus:CVCL_1819	VAL	2
cellosaurus:CVCL_A731	VAMT-1	1
cellosaurus:CVCL_0106	VG-1	3
cellosaurus:CVCL_W084	VGE	1
cellosaurus:CVCL_9672	VH-64	1
cellosaurus:CVCL_3169	VL51	2
cellosaurus:CVCL_1786	VM-CUB-1	2
cellosaurus:CVCL_1787	VMRC-LCD	3
cellosaurus:CVCL_1788	VMRC-LCP	2
cellosaurus:CVCL_1790	VMRC-RCW	2
cellosaurus:CVCL_1791	VMRC-RCZ	2
cellosaurus:CVCL_D130	VP185	2
cellosaurus:CVCL_2754	VP229	2
cellosaurus:CVCL_2755	VP267	2
cellosaurus:CVCL_2756	VP303	1
cellosaurus:CVCL_9717	WE-68	1
cellosaurus:CVCL_6958	Wien 133	1
cellosaurus:CVCL_0040	WM115	5
cellosaurus:CVCL_6785	WM1158	2
cellosaurus:CVCL_C265	WM1193C	2
cellosaurus:CVCL_DG74	WM122	5
cellosaurus:CVCL_6786	WM1232	2
cellosaurus:CVCL_W886	WM1346	4
cellosaurus:CVCL_6788	WM1361A	6
cellosaurus:CVCL_6789	WM1366	15
cellosaurus:CVCL_C266	WM139	1
cellosaurus:CVCL_6472	WM1552C	5
cellosaurus:CVCL_6791	WM1617	2
cellosaurus:CVCL_A339	WM1727A	2
cellosaurus:CVCL_6792	WM1789	2
cellosaurus:CVCL_C267	WM1791A	1
cellosaurus:CVCL_6793	WM1791C	1
cellosaurus:CVCL_A341	WM1799	2
cellosaurus:CVCL_C268	WM1862	1
cellosaurus:CVCL_DI27	WM1942	1
cellosaurus:CVCL_0B66	WM1963	1
cellosaurus:CVCL_0B67	WM1985	2
cellosaurus:CVCL_AP77	WM2013	1
cellosaurus:CVCL_0B68	WM2032	1
cellosaurus:CVCL_C269	WM209	1
cellosaurus:CVCL_2765	WM266-4	3
cellosaurus:CVCL_6473	WM278	4
cellosaurus:CVCL_AP86	WM3000	1
cellosaurus:CVCL_DG75	WM3004	2
cellosaurus:CVCL_6796	WM3060	2
cellosaurus:CVCL_C270	WM3066	3
cellosaurus:CVCL_DG76	WM3077	2
cellosaurus:CVCL_L028	WM3208V	4
cellosaurus:CVCL_6797	WM3211	13
cellosaurus:CVCL_AP88	WM3246	1
cellosaurus:CVCL_6798	WM3248	12
cellosaurus:CVCL_L031	WM3268	2
cellosaurus:CVCL_0B72	WM3311	1
cellosaurus:CVCL_C272	WM3438	1
cellosaurus:CVCL_C273	WM3451	2
cellosaurus:CVCL_AP95	WM3622	1
cellosaurus:CVCL_0B77	WM3702	1
cellosaurus:CVCL_2240	WM39	4
cellosaurus:CVCL_C279	WM3918	1
cellosaurus:CVCL_6802	WM3928	1
cellosaurus:CVCL_6803	WM46	2
cellosaurus:CVCL_C280	WM47	2
cellosaurus:CVCL_6995	WM51	2
cellosaurus:CVCL_7156	WM75	4
cellosaurus:CVCL_C281	WM8	3
cellosaurus:CVCL_6804	WM852	2
cellosaurus:CVCL_C283	WM858	3
cellosaurus:CVCL_6805	WM88	12
cellosaurus:CVCL_6808	WM983A	5
cellosaurus:CVCL_A338	WM983C	10
cellosaurus:CVCL_LC74	WoWe	1
cellosaurus:CVCL_0582	WRO	1
cellosaurus:CVCL_1902	WSU-DLCL2	1
cellosaurus:CVCL_1793	WSU-NHL	1
cellosaurus:CVCL_U798	WW	1
cellosaurus:CVCL_5178	Y-MESO-12	1
cellosaurus:CVCL_5179	Y-MESO-14	1
cellosaurus:CVCL_5180	Y-MESO-21	1
cellosaurus:CVCL_5181	Y-MESO-22	1
cellosaurus:CVCL_5182	Y-MESO-25	1
cellosaurus:CVCL_5183	Y-MESO-26B	1
cellosaurus:CVCL_5184	Y-MESO-27	1
cellosaurus:CVCL_5185	Y-MESO-28	1
cellosaurus:CVCL_5186	Y-MESO-29	1
cellosaurus:CVCL_5187	Y-MESO-30	1
cellosaurus:CVCL_5189	Y-MESO-8D	1
cellosaurus:CVCL_5190	Y-MESO-9	1
cellosaurus:CVCL_1794	YAPC	3
cellosaurus:CVCL_9646	YCC-1	3
cellosaurus:CVCL_9647	YCC-10	1
cellosaurus:CVCL_9648	YCC-11	3
cellosaurus:CVCL_9649	YCC-16	3
cellosaurus:CVCL_9652	YCC-2	3
cellosaurus:CVCL_9654	YCC-21	1
cellosaurus:CVCL_9655	YCC-22	1
cellosaurus:CVCL_9662	YCC-6	3
cellosaurus:CVCL_9663	YCC-7	4
cellosaurus:CVCL_9664	YCC-9	3
cellosaurus:CVCL_8929	YD-10B	1
cellosaurus:CVCL_8930	YD-15	1
cellosaurus:CVCL_E321	YES-1	1
cellosaurus:CVCL_1795	YH-13	1
cellosaurus:CVCL_1796	YKG-1	2
cellosaurus:CVCL_B077	Z-138	1
cellosaurus:CVCL_9920	ZK-58	1
cellosaurus:CVCL_1661	ZR-75-30	9
cellosaurus:CVCL_3040	184A1	1
cellosaurus:CVCL_C528	5-8F	1
cellosaurus:CVCL_C529	6-10B	1
cellosaurus:CVCL_6573	BJ1-hTERT	1
cellosaurus:CVCL_6888	CNE-1	1
cellosaurus:CVCL_6889	CNE-2	1
cellosaurus:CVCL_2526	HuNS1	1
cellosaurus:CVCL_0347	IMR-90	1
cellosaurus:CVCL_C434	IPS(IMR90)-1	2
cellosaurus:CVCL_0598	MCF-10A	7
cellosaurus:CVCL_5555	MCF-10AT	2
cellosaurus:CVCL_5552	MCF10DCIS.com	2
cellosaurus:CVCL_6675	MCF10CA1a	2
cellosaurus:CVCL_6683	MCF10CA1h	3
cellosaurus:CVCL_3757	NL20T-A	1
cellosaurus:CVCL_2659	Nthy-ori 3-1	1
cellosaurus:CVCL_DG84	PHMLEB	2
cellosaurus:CVCL_DG85	PHMLER	3
cellosaurus:CVCL_3791	RWPE-1	1
cellosaurus:CVCL_3792	RWPE-2	1
cellosaurus:CVCL_3793	RWPE2-W99	1
cellosaurus:CVCL_DH25	SVpgC2a-FOXM1B	1
cellosaurus:CVCL_DH26	SVpgC2a-FOXM1B/SVFN1	1
cellosaurus:CVCL_DH27	SVpgC2a-FOXM1B/SVFN2	1
cellosaurus:CVCL_DH28	SVpgC2a-FOXM1B/SVFN3	1
cellosaurus:CVCL_DH29	SVpgC2a-FOXM1B/SVFN4	1
cellosaurus:CVCL_DH30	SVpgC2a-FOXM1B/SVFN5	1
cellosaurus:CVCL_DH31	SVpgC2a-FOXM1B/SVFN6	1
cellosaurus:CVCL_DH32	SVpgC2a-FOXM1B/SVFN7	1
cellosaurus:CVCL_DH33	SVpgC2a-FOXM1B/SVFN8	1
cellosaurus:CVCL_3236	UE6E7T-2	1
cellosaurus:CVCL_2758	WI-26 VA4	1
cellosaurus:CVCL_0579	WI-38	1
cellosaurus:CVCL_2759	WI-38 VA13 subline 2RA	1
cellosaurus:CVCL_2761	WIL2 NS	1
cellosaurus:CVCL_3810	WPE1-NA22	1
cellosaurus:CVCL_3811	WPE1-NB11	1
cellosaurus:CVCL_3812	WPE1-NB14	1
cellosaurus:CVCL_3813	WPE1-NB26	2
cellosaurus:CVCL_0168	BEAS-2B	1
cellosaurus:CVCL_1091	BPH-1	3
cellosaurus:CVCL_1099	C8166	1
cellosaurus:CVCL_3696	HBE4-E6/E7	1
cellosaurus:CVCL_0302	HK-2 [Human kidney	1
cellosaurus:CVCL_0209	cellosaurus:CVCL_0209	2
cellosaurus:CVCL_0660	cellosaurus:CVCL_0660	1
cellosaurus:CVCL_0698	cellosaurus:CVCL_0698	1
cellosaurus:CVCL_0711	cellosaurus:CVCL_0711	1
cellosaurus:CVCL_0715	cellosaurus:CVCL_0715	1
cellosaurus:CVCL_0726	cellosaurus:CVCL_0726	1
cellosaurus:CVCL_0758	cellosaurus:CVCL_0758	1
cellosaurus:CVCL_0814	cellosaurus:CVCL_0814	2
cellosaurus:CVCL_0816	cellosaurus:CVCL_0816	1
cellosaurus:CVCL_0819	cellosaurus:CVCL_0819	1
cellosaurus:CVCL_0825	cellosaurus:CVCL_0825	1
cellosaurus:CVCL_0827	cellosaurus:CVCL_0827	1
cellosaurus:CVCL_0836	cellosaurus:CVCL_0836	1
cellosaurus:CVCL_0846	cellosaurus:CVCL_0846	1
cellosaurus:CVCL_0855	cellosaurus:CVCL_0855	1
cellosaurus:CVCL_0878	cellosaurus:CVCL_0878	2
cellosaurus:CVCL_0882	cellosaurus:CVCL_0882	1
cellosaurus:CVCL_0888	cellosaurus:CVCL_0888	1
cellosaurus:CVCL_0891	cellosaurus:CVCL_0891	2
cellosaurus:CVCL_0928	cellosaurus:CVCL_0928	1
cellosaurus:CVCL_0932	cellosaurus:CVCL_0932	1
cellosaurus:CVCL_0933	cellosaurus:CVCL_0933	1
cellosaurus:CVCL_0938	cellosaurus:CVCL_0938	1
cellosaurus:CVCL_0941	cellosaurus:CVCL_0941	2
cellosaurus:CVCL_0942	cellosaurus:CVCL_0942	1
cellosaurus:CVCL_0959	cellosaurus:CVCL_0959	1
cellosaurus:CVCL_0966	cellosaurus:CVCL_0966	1
cellosaurus:CVCL_0979	cellosaurus:CVCL_0979	1
cellosaurus:CVCL_0993	cellosaurus:CVCL_0993	2
cellosaurus:CVCL_1031	cellosaurus:CVCL_1031	1
cellosaurus:CVCL_1038	cellosaurus:CVCL_1038	1
cellosaurus:CVCL_1194	cellosaurus:CVCL_1194	1
cellosaurus:CVCL_1246	cellosaurus:CVCL_1246	1
cellosaurus:CVCL_1250	cellosaurus:CVCL_1250	1
cellosaurus:CVCL_1268	cellosaurus:CVCL_1268	1
cellosaurus:CVCL_1319	cellosaurus:CVCL_1319	3
cellosaurus:CVCL_1320	cellosaurus:CVCL_1320	4
cellosaurus:CVCL_1740	cellosaurus:CVCL_1740	1
cellosaurus:CVCL_1743	cellosaurus:CVCL_1743	1
cellosaurus:CVCL_1875	cellosaurus:CVCL_1875	1
cellosaurus:CVCL_2255	cellosaurus:CVCL_2255	1
cellosaurus:CVCL_2444	cellosaurus:CVCL_2444	1
cellosaurus:CVCL_2870	cellosaurus:CVCL_2870	1
cellosaurus:CVCL_2991	cellosaurus:CVCL_2991	1
cellosaurus:CVCL_3298	cellosaurus:CVCL_3298	1
cellosaurus:CVCL_3299	cellosaurus:CVCL_3299	1
cellosaurus:CVCL_3386	cellosaurus:CVCL_3386	1
cellosaurus:CVCL_3495	cellosaurus:CVCL_3495	1
cellosaurus:CVCL_3605	cellosaurus:CVCL_3605	4
cellosaurus:CVCL_3775	cellosaurus:CVCL_3775	1
cellosaurus:CVCL_3806	cellosaurus:CVCL_3806	3
cellosaurus:CVCL_DI24	cellosaurus:CVCL_DI24	1
cellosaurus:CVCL_DI25	cellosaurus:CVCL_DI25	1
cellosaurus:CVCL_F755	cellosaurus:CVCL_F755	1
cellosaurus:CVCL_L296	cellosaurus:CVCL_L296	1
cellosaurus:CVCL_L297	cellosaurus:CVCL_L297	1
cellosaurus:CVCL_R580	cellosaurus:CVCL_R580	1
cellosaurus:CVCL_Y285	cellosaurus:CVCL_Y285	1
cellosaurus:CVCL_a341	cellosaurus:CVCL_a341	1
cellosaurus:CVCL_a472	cellosaurus:CVCL_a472	1
cellosaurus:CVCL_a584	cellosaurus:CVCL_a584	1
cellosaurus:CVCL_a637	cellosaurus:CVCL_a637	1
cellosaurus:CVCL_a758	cellosaurus:CVCL_a758	1
cellosaurus:CVCL_b076	cellosaurus:CVCL_b076	1
cellosaurus:CVCL_e063	cellosaurus:CVCL_e063	1
cellosaurus:CVCL_h525	cellosaurus:CVCL_h525	1
cellosaurus:CVCL_iw56	cellosaurus:CVCL_iw56	1
cellosaurus:CVCL_iz34	cellosaurus:CVCL_iz34	1
cellosaurus:CVCL_l079	cellosaurus:CVCL_l079	1
cellosaurus:CVCL_l083	cellosaurus:CVCL_l083	1
cellosaurus:CVCL_s740	cellosaurus:CVCL_s740	1
cellosaurus:CVCL_u797	cellosaurus:CVCL_u797	1
cellosaurus:CVCL_v578	cellosaurus:CVCL_v578	1
cellosaurus:CVCL_v606	cellosaurus:CVCL_v606	1
cellosaurus:CVCL_v607	cellosaurus:CVCL_v607	1
cellosaurus:CVCL_v609	cellosaurus:CVCL_v609	1
cellosaurus:CVCL_v611	cellosaurus:CVCL_v611	1
cellosaurus:CVCL_v612	cellosaurus:CVCL_v612	1
cellosaurus:CVCL_v613	cellosaurus:CVCL_v613	1
cellosaurus:CVCL_v616	cellosaurus:CVCL_v616	1
cellosaurus:CVCL_v617	cellosaurus:CVCL_v617	1
cellosaurus:CVCL_v618	cellosaurus:CVCL_v618	1
cellosaurus:CVCL_v626	cellosaurus:CVCL_v626	1
cellosaurus:CVCL_ws59	cellosaurus:CVCL_ws59	1
cellosaurus:CVCL_ws60	cellosaurus:CVCL_ws60	1
cellosaurus:CVCL_ye28	cellosaurus:CVCL_ye28	1
